TS,Name,Noise
2017-10-23 01:00:00,Noise-SS,30.0
2017-10-23 02:00:00,Noise-SS,30.0
2017-10-23 03:00:00,Noise-SS,30.0
2017-10-23 04:00:00,Noise-SS,30.0
2017-10-23 05:00:00,Noise-SS,35.445048595311796
2017-10-23 06:00:00,Noise-SS,39.40547473618584
2017-10-23 07:00:00,Noise-SS,41.54944705624784
2017-10-23 08:00:00,Noise-SS,52.91414337391729
2017-10-23 09:00:00,Noise-SS,57.93369531167043
2017-10-23 10:00:00,Noise-SS,54.0923963733129
2017-10-23 11:00:00,Noise-SS,64.53156399870794
2017-10-23 12:00:00,Noise-SS,49.886228603381475
2017-10-23 13:00:00,Noise-SS,70.45190799959747
2017-10-23 14:00:00,Noise-SS,45.81985551296562
2017-10-23 15:00:00,Noise-SS,49.29214143637656
2017-10-23 16:00:00,Noise-SS,40.50985958253396
2017-10-23 17:00:00,Noise-SS,42.94565625607192
2017-10-23 18:00:00,Noise-SS,37.49573489995786
2017-10-23 19:00:00,Noise-SS,34.30780714968517
2017-10-23 20:00:00,Noise-SS,30.97207325862105
2017-10-23 21:00:00,Noise-SS,30.0
2017-10-23 22:00:00,Noise-SS,30.0
2017-10-23 23:00:00,Noise-SS,30.0
2017-10-24 00:00:00,Noise-SS,30.0
2017-10-24 01:00:00,Noise-SS,30.0
2017-10-24 02:00:00,Noise-SS,30.0
2017-10-24 03:00:00,Noise-SS,34.12239185687691
2017-10-24 04:00:00,Noise-SS,31.242620183189615
2017-10-24 05:00:00,Noise-SS,35.135828289447815
2017-10-24 06:00:00,Noise-SS,35.60082612461885
2017-10-24 07:00:00,Noise-SS,37.01772229755494
2017-10-24 08:00:00,Noise-SS,55.88382813318926
2017-10-24 09:00:00,Noise-SS,40.34670757162366
2017-10-24 10:00:00,Noise-SS,60.38478622195563
2017-10-24 11:00:00,Noise-SS,57.58830144509631
2017-10-24 12:00:00,Noise-SS,68.14691191808798
2017-10-24 13:00:00,Noise-SS,64.89323749464334
2017-10-24 14:00:00,Noise-SS,44.821972531155275
2017-10-24 15:00:00,Noise-SS,45.71473200362306
2017-10-24 16:00:00,Noise-SS,36.715151868105984
2017-10-24 17:00:00,Noise-SS,39.11352707111046
2017-10-24 18:00:00,Noise-SS,38.26529636686574
2017-10-24 19:00:00,Noise-SS,34.49911522519574
2017-10-24 20:00:00,Noise-SS,33.67160234499213
2017-10-24 21:00:00,Noise-SS,30.0
2017-10-24 22:00:00,Noise-SS,30.0
2017-10-24 23:00:00,Noise-SS,30.0
2017-10-25 00:00:00,Noise-SS,34.423259199880334
2017-10-25 01:00:00,Noise-SS,35.22722023634134
2017-10-25 02:00:00,Noise-SS,33.571569582897496
2017-10-25 03:00:00,Noise-SS,30.0
2017-10-25 04:00:00,Noise-SS,30.0
2017-10-25 05:00:00,Noise-SS,30.975894751227283
2017-10-25 06:00:00,Noise-SS,32.455190163124165
2017-10-25 07:00:00,Noise-SS,49.20105406680643
2017-10-25 08:00:00,Noise-SS,62.450329856822826
2017-10-25 09:00:00,Noise-SS,52.91015148670707
2017-10-25 10:00:00,Noise-SS,40.10346513767306
2017-10-25 11:00:00,Noise-SS,45.33935052297196
2017-10-25 12:00:00,Noise-SS,39.71792523799387
2017-10-25 13:00:00,Noise-SS,48.4798991735314
2017-10-25 14:00:00,Noise-SS,42.73017156369111
2017-10-25 15:00:00,Noise-SS,31.00531946762977
2017-10-25 16:00:00,Noise-SS,33.52675458151107
2017-10-25 17:00:00,Noise-SS,34.40058821677795
2017-10-25 18:00:00,Noise-SS,31.24554146503835
2017-10-25 19:00:00,Noise-SS,30.0949490013105
2017-10-25 20:00:00,Noise-SS,30.0
2017-10-25 21:00:00,Noise-SS,31.393566168084188
2017-10-25 22:00:00,Noise-SS,30.0
2017-10-25 23:00:00,Noise-SS,30.139268699721818
2017-10-26 00:00:00,Noise-SS,34.114235168927266
2017-10-26 01:00:00,Noise-SS,32.91382191740704
2017-10-26 02:00:00,Noise-SS,31.314298922027643
2017-10-26 03:00:00,Noise-SS,30.0
2017-10-26 04:00:00,Noise-SS,30.0
2017-10-26 05:00:00,Noise-SS,33.85638303727591
2017-10-26 06:00:00,Noise-SS,58.419918803296504
2017-10-26 07:00:00,Noise-SS,48.15166409153578
2017-10-26 08:00:00,Noise-SS,57.899009763357505
2017-10-26 09:00:00,Noise-SS,42.96196961369999
2017-10-26 10:00:00,Noise-SS,54.4729386292911
2017-10-26 11:00:00,Noise-SS,36.91817125216302
2017-10-26 12:00:00,Noise-SS,31.6137506482137
2017-10-26 13:00:00,Noise-SS,51.90891737573899
2017-10-26 14:00:00,Noise-SS,39.8329625000066
2017-10-26 15:00:00,Noise-SS,33.03279136687806
2017-10-26 16:00:00,Noise-SS,34.81554416935188
2017-10-26 17:00:00,Noise-SS,36.14268979056808
2017-10-26 18:00:00,Noise-SS,33.9589053808274
2017-10-26 19:00:00,Noise-SS,31.50165917938093
2017-10-26 20:00:00,Noise-SS,30.0
2017-10-26 21:00:00,Noise-SS,35.466416409003855
2017-10-26 22:00:00,Noise-SS,33.67063749518984
2017-10-26 23:00:00,Noise-SS,33.339319888166415
2017-10-27 00:00:00,Noise-SS,31.56764370613932
2017-10-27 01:00:00,Noise-SS,30.0
2017-10-27 02:00:00,Noise-SS,30.0
2017-10-27 03:00:00,Noise-SS,30.0
2017-10-27 04:00:00,Noise-SS,30.0
2017-10-27 05:00:00,Noise-SS,34.2183986789328
2017-10-27 06:00:00,Noise-SS,37.60774531345899
2017-10-27 07:00:00,Noise-SS,54.717348170830945
2017-10-27 08:00:00,Noise-SS,65.6275768114832
2017-10-27 09:00:00,Noise-SS,53.78115198299186
2017-10-27 10:00:00,Noise-SS,63.410271431281416
2017-10-27 11:00:00,Noise-SS,56.822727180348345
2017-10-27 12:00:00,Noise-SS,48.05313812174957
2017-10-27 13:00:00,Noise-SS,62.46063501862395
2017-10-27 14:00:00,Noise-SS,54.785301113516915
2017-10-27 15:00:00,Noise-SS,37.65219595069148
2017-10-27 16:00:00,Noise-SS,36.12184839649216
2017-10-27 17:00:00,Noise-SS,39.3353410255071
2017-10-27 18:00:00,Noise-SS,38.432462025900904
2017-10-27 19:00:00,Noise-SS,37.74188658444798
2017-10-27 20:00:00,Noise-SS,34.974089080127484
2017-10-27 21:00:00,Noise-SS,32.99001426562551
2017-10-27 22:00:00,Noise-SS,30.0
2017-10-27 23:00:00,Noise-SS,30.0
2017-10-28 00:00:00,Noise-SS,39.760833050663514
2017-10-28 01:00:00,Noise-SS,40.61407103118297
2017-10-28 02:00:00,Noise-SS,42.21128324117387
2017-10-28 03:00:00,Noise-SS,40.74132445157983
2017-10-28 04:00:00,Noise-SS,42.041727166059644
2017-10-28 05:00:00,Noise-SS,43.055262416485135
2017-10-28 06:00:00,Noise-SS,41.12033770950319
2017-10-28 07:00:00,Noise-SS,41.28481492450409
2017-10-28 08:00:00,Noise-SS,42.87093634826569
2017-10-28 09:00:00,Noise-SS,42.966827497691405
2017-10-28 10:00:00,Noise-SS,42.49165124788249
2017-10-28 11:00:00,Noise-SS,44.3618590540383
2017-10-28 12:00:00,Noise-SS,43.88876065889679
2017-10-28 13:00:00,Noise-SS,42.04981825035331
2017-10-28 14:00:00,Noise-SS,44.04978693742374
2017-10-28 15:00:00,Noise-SS,42.252946708167954
2017-10-28 16:00:00,Noise-SS,44.25568941232024
2017-10-28 17:00:00,Noise-SS,44.77778815054346
2017-10-28 18:00:00,Noise-SS,46.290785648744496
2017-10-28 19:00:00,Noise-SS,46.157497648902066
2017-10-28 20:00:00,Noise-SS,47.847173620105096
2017-10-28 21:00:00,Noise-SS,46.65009373277832
2017-10-28 22:00:00,Noise-SS,47.66411679230245
2017-10-28 23:00:00,Noise-SS,49.14682867239479
2017-10-29 00:00:00,Noise-SS,35.69665778813985
2017-10-29 01:00:00,Noise-SS,37.43010014066977
2017-10-29 02:00:00,Noise-SS,36.11724744184052
2017-10-29 03:00:00,Noise-SS,34.3492380245594
2017-10-29 04:00:00,Noise-SS,32.5962568643029
2017-10-29 05:00:00,Noise-SS,34.37012635386561
2017-10-29 06:00:00,Noise-SS,35.89735166054231
2017-10-29 07:00:00,Noise-SS,37.526984157565835
2017-10-29 08:00:00,Noise-SS,37.14768411199297
2017-10-29 09:00:00,Noise-SS,38.285324378377865
2017-10-29 10:00:00,Noise-SS,38.20812638510439
2017-10-29 11:00:00,Noise-SS,38.62369793540517
2017-10-29 12:00:00,Noise-SS,40.67863938012711
2017-10-29 13:00:00,Noise-SS,39.274611425238085
2017-10-29 14:00:00,Noise-SS,38.52638984181591
2017-10-29 15:00:00,Noise-SS,38.13561139279847
2017-10-29 16:00:00,Noise-SS,36.7177800660384
2017-10-29 17:00:00,Noise-SS,35.63870552693399
2017-10-29 18:00:00,Noise-SS,35.970604192441044
2017-10-29 19:00:00,Noise-SS,34.7915165389506
2017-10-29 20:00:00,Noise-SS,35.52323630230131
2017-10-29 21:00:00,Noise-SS,36.11870407500851
2017-10-29 22:00:00,Noise-SS,36.88385689796954
2017-10-29 23:00:00,Noise-SS,35.11366480426521
2017-10-30 00:00:00,Noise-SS,35.896413168056654
2017-10-30 01:00:00,Noise-SS,30.904781825037624
2017-10-30 02:00:00,Noise-SS,30.0
2017-10-30 03:00:00,Noise-SS,30.0
2017-10-30 04:00:00,Noise-SS,30.0
2017-10-30 05:00:00,Noise-SS,33.07221559508102
2017-10-30 06:00:00,Noise-SS,36.42225664350919
2017-10-30 07:00:00,Noise-SS,40.988966278398145
2017-10-30 08:00:00,Noise-SS,54.55232024533814
2017-10-30 09:00:00,Noise-SS,58.238649415908995
2017-10-30 10:00:00,Noise-SS,52.77328654300978
2017-10-30 11:00:00,Noise-SS,61.78036705763874
2017-10-30 12:00:00,Noise-SS,49.255217083275646
2017-10-30 13:00:00,Noise-SS,72.11200689223284
2017-10-30 14:00:00,Noise-SS,48.52854935111467
2017-10-30 15:00:00,Noise-SS,54.80686815561017
2017-10-30 16:00:00,Noise-SS,48.34631440126425
2017-10-30 17:00:00,Noise-SS,49.11094970145702
2017-10-30 18:00:00,Noise-SS,52.03138078564169
2017-10-30 19:00:00,Noise-SS,56.32130892700174
2017-10-30 20:00:00,Noise-SS,54.664275016809384
2017-10-30 21:00:00,Noise-SS,52.0523220721936
2017-10-30 22:00:00,Noise-SS,52.255457739355975
2017-10-30 23:00:00,Noise-SS,47.60212794410556
2017-10-31 00:00:00,Noise-SS,30.0
2017-10-31 01:00:00,Noise-SS,30.0
2017-10-31 02:00:00,Noise-SS,30.0
2017-10-31 03:00:00,Noise-SS,30.0
2017-10-31 04:00:00,Noise-SS,32.253092800450716
2017-10-31 05:00:00,Noise-SS,37.30528403197697
2017-10-31 06:00:00,Noise-SS,39.891423915809895
2017-10-31 07:00:00,Noise-SS,41.250235880193806
2017-10-31 08:00:00,Noise-SS,63.936518446086026
2017-10-31 09:00:00,Noise-SS,49.12299545836639
2017-10-31 10:00:00,Noise-SS,75.0464950307781
2017-10-31 11:00:00,Noise-SS,63.48113603275782
2017-10-31 12:00:00,Noise-SS,65.8654554459781
2017-10-31 13:00:00,Noise-SS,63.66977981386438
2017-10-31 14:00:00,Noise-SS,46.58467882406448
2017-10-31 15:00:00,Noise-SS,49.60992899162985
2017-10-31 16:00:00,Noise-SS,41.08693390037325
2017-10-31 17:00:00,Noise-SS,43.22260447598605
2017-10-31 18:00:00,Noise-SS,40.66484774040048
2017-10-31 19:00:00,Noise-SS,41.67775348630715
2017-10-31 20:00:00,Noise-SS,37.94021859053056
2017-10-31 21:00:00,Noise-SS,36.18863145642779
2017-10-31 22:00:00,Noise-SS,32.05063245256362
2017-10-31 23:00:00,Noise-SS,30.80839924310762
2017-11-01 00:00:00,Noise-SS,30.510260767694025
2017-11-01 01:00:00,Noise-SS,30.0
2017-11-01 02:00:00,Noise-SS,30.0
2017-11-01 03:00:00,Noise-SS,35.13276475761002
2017-11-01 04:00:00,Noise-SS,31.6078461161112
2017-11-01 05:00:00,Noise-SS,30.0
2017-11-01 06:00:00,Noise-SS,30.037618386676932
2017-11-01 07:00:00,Noise-SS,45.98685277815798
2017-11-01 08:00:00,Noise-SS,58.87412212640016
2017-11-01 09:00:00,Noise-SS,59.337928295177484
2017-11-01 10:00:00,Noise-SS,48.75638575375929
2017-11-01 11:00:00,Noise-SS,46.10955494339356
2017-11-01 12:00:00,Noise-SS,45.23275351514051
2017-11-01 13:00:00,Noise-SS,53.64150540545704
2017-11-01 14:00:00,Noise-SS,46.009123348591906
2017-11-01 15:00:00,Noise-SS,37.78244969364934
2017-11-01 16:00:00,Noise-SS,38.7419571891025
2017-11-01 17:00:00,Noise-SS,39.30894510212087
2017-11-01 18:00:00,Noise-SS,42.87797634665499
2017-11-01 19:00:00,Noise-SS,37.4201958854095
2017-11-01 20:00:00,Noise-SS,36.26489008124824
2017-11-01 21:00:00,Noise-SS,30.86801002037051
2017-11-01 22:00:00,Noise-SS,30.0
2017-11-01 23:00:00,Noise-SS,30.0
2017-11-02 00:00:00,Noise-SS,37.220770735591124
2017-11-02 01:00:00,Noise-SS,34.1221915759278
2017-11-02 02:00:00,Noise-SS,30.0
2017-11-02 03:00:00,Noise-SS,30.0
2017-11-02 04:00:00,Noise-SS,30.0
2017-11-02 05:00:00,Noise-SS,32.31353925578649
2017-11-02 06:00:00,Noise-SS,54.64963674727379
2017-11-02 07:00:00,Noise-SS,43.16523877918562
2017-11-02 08:00:00,Noise-SS,54.18696569124006
2017-11-02 09:00:00,Noise-SS,41.08768457016689
2017-11-02 10:00:00,Noise-SS,53.709051094517235
2017-11-02 11:00:00,Noise-SS,38.39984768636914
2017-11-02 12:00:00,Noise-SS,35.19025848129155
2017-11-02 13:00:00,Noise-SS,59.52558780795771
2017-11-02 14:00:00,Noise-SS,44.90766244187684
2017-11-02 15:00:00,Noise-SS,39.464033298961006
2017-11-02 16:00:00,Noise-SS,42.95184931140683
2017-11-02 17:00:00,Noise-SS,41.022989799352786
2017-11-02 18:00:00,Noise-SS,38.30790558150843
2017-11-02 19:00:00,Noise-SS,33.5024991087058
2017-11-02 20:00:00,Noise-SS,31.464519399704553
2017-11-02 21:00:00,Noise-SS,30.0
2017-11-02 22:00:00,Noise-SS,35.13000541755879
2017-11-02 23:00:00,Noise-SS,30.687903428866857
2017-11-03 00:00:00,Noise-SS,41.068480498418424
2017-11-03 01:00:00,Noise-SS,37.046947997432746
2017-11-03 02:00:00,Noise-SS,31.758991251687892
2017-11-03 03:00:00,Noise-SS,30.0
2017-11-03 04:00:00,Noise-SS,30.0
2017-11-03 05:00:00,Noise-SS,33.270949226039235
2017-11-03 06:00:00,Noise-SS,36.955854001315934
2017-11-03 07:00:00,Noise-SS,53.89115538383493
2017-11-03 08:00:00,Noise-SS,69.66167090365587
2017-11-03 09:00:00,Noise-SS,59.50794670589822
2017-11-03 10:00:00,Noise-SS,67.72043202094709
2017-11-03 11:00:00,Noise-SS,60.956587657099725
2017-11-03 12:00:00,Noise-SS,54.64197571098106
2017-11-03 13:00:00,Noise-SS,62.5667503279567
2017-11-03 14:00:00,Noise-SS,57.59321865135069
2017-11-03 15:00:00,Noise-SS,43.043507511860646
2017-11-03 16:00:00,Noise-SS,47.231645670434546
2017-11-03 17:00:00,Noise-SS,47.673669578110236
2017-11-03 18:00:00,Noise-SS,44.196769482453476
2017-11-03 19:00:00,Noise-SS,46.53611972320378
2017-11-03 20:00:00,Noise-SS,44.38388977763214
2017-11-03 21:00:00,Noise-SS,39.863587293891804
2017-11-03 22:00:00,Noise-SS,40.949674114749676
2017-11-03 23:00:00,Noise-SS,38.19399391081719
2017-11-04 00:00:00,Noise-SS,40.62571514566234
2017-11-04 01:00:00,Noise-SS,41.95964667583026
2017-11-04 02:00:00,Noise-SS,41.68250272492607
2017-11-04 03:00:00,Noise-SS,42.08027322640443
2017-11-04 04:00:00,Noise-SS,40.52681513493235
2017-11-04 05:00:00,Noise-SS,42.37098312538548
2017-11-04 06:00:00,Noise-SS,42.551624685629534
2017-11-04 07:00:00,Noise-SS,44.38668631739464
2017-11-04 08:00:00,Noise-SS,45.475586866730325
2017-11-04 09:00:00,Noise-SS,44.3122399051033
2017-11-04 10:00:00,Noise-SS,42.72450315781335
2017-11-04 11:00:00,Noise-SS,44.54456073202857
2017-11-04 12:00:00,Noise-SS,42.879014880203414
2017-11-04 13:00:00,Noise-SS,42.91140851731858
2017-11-04 14:00:00,Noise-SS,41.12044631776309
2017-11-04 15:00:00,Noise-SS,40.963264192402484
2017-11-04 16:00:00,Noise-SS,40.34966491495923
2017-11-04 17:00:00,Noise-SS,38.36039596056711
2017-11-04 18:00:00,Noise-SS,38.58688240663766
2017-11-04 19:00:00,Noise-SS,39.13980149914296
2017-11-04 20:00:00,Noise-SS,37.61598784532604
2017-11-04 21:00:00,Noise-SS,39.29046841384117
2017-11-04 22:00:00,Noise-SS,40.79093258368135
2017-11-04 23:00:00,Noise-SS,42.367708903533355
2017-11-05 00:00:00,Noise-SS,36.612355296819985
2017-11-05 01:00:00,Noise-SS,36.03136573129497
2017-11-05 02:00:00,Noise-SS,37.463599385401515
2017-11-05 03:00:00,Noise-SS,36.38485128239479
2017-11-05 04:00:00,Noise-SS,34.774294422031126
2017-11-05 05:00:00,Noise-SS,34.16188690758989
2017-11-05 06:00:00,Noise-SS,34.825856176331676
2017-11-05 07:00:00,Noise-SS,35.596450632905814
2017-11-05 08:00:00,Noise-SS,33.50333908439134
2017-11-05 09:00:00,Noise-SS,34.86125821877271
2017-11-05 10:00:00,Noise-SS,36.46447268533497
2017-11-05 11:00:00,Noise-SS,35.92597355279261
2017-11-05 12:00:00,Noise-SS,37.87331100744681
2017-11-05 13:00:00,Noise-SS,36.72054290792674
2017-11-05 14:00:00,Noise-SS,37.926549256778976
2017-11-05 15:00:00,Noise-SS,36.998130214465384
2017-11-05 16:00:00,Noise-SS,38.23231362527921
2017-11-05 17:00:00,Noise-SS,38.54704191034736
2017-11-05 18:00:00,Noise-SS,39.41367216653225
2017-11-05 19:00:00,Noise-SS,37.544033065081294
2017-11-05 20:00:00,Noise-SS,36.214824915777285
2017-11-05 21:00:00,Noise-SS,34.29671153629528
2017-11-05 22:00:00,Noise-SS,36.222370742838436
2017-11-05 23:00:00,Noise-SS,34.168454915655765
2017-11-06 00:00:00,Noise-SS,32.76994303975933
2017-11-06 01:00:00,Noise-SS,37.65869404084593
2017-11-06 02:00:00,Noise-SS,36.354963792878706
2017-11-06 03:00:00,Noise-SS,35.76475100102796
2017-11-06 04:00:00,Noise-SS,30.940223698726868
2017-11-06 05:00:00,Noise-SS,36.40055168724403
2017-11-06 06:00:00,Noise-SS,41.277399419702625
2017-11-06 07:00:00,Noise-SS,46.12628067480736
2017-11-06 08:00:00,Noise-SS,59.186528866857394
2017-11-06 09:00:00,Noise-SS,60.236552754835174
2017-11-06 10:00:00,Noise-SS,51.0608790751441
2017-11-06 11:00:00,Noise-SS,61.70665465187536
2017-11-06 12:00:00,Noise-SS,46.80752296862654
2017-11-06 13:00:00,Noise-SS,66.51871798537437
2017-11-06 14:00:00,Noise-SS,45.13036661728719
2017-11-06 15:00:00,Noise-SS,44.51774019428715
2017-11-06 16:00:00,Noise-SS,37.7510377087585
2017-11-06 17:00:00,Noise-SS,42.12066034026174
2017-11-06 18:00:00,Noise-SS,38.03379226202887
2017-11-06 19:00:00,Noise-SS,37.40782197517201
2017-11-06 20:00:00,Noise-SS,36.855492014609965
2017-11-06 21:00:00,Noise-SS,39.33720559848968
2017-11-06 22:00:00,Noise-SS,37.385798019767165
2017-11-06 23:00:00,Noise-SS,34.078735098291425
2017-11-07 00:00:00,Noise-SS,32.68467138463544
2017-11-07 01:00:00,Noise-SS,30.014809615478637
2017-11-07 02:00:00,Noise-SS,30.0
2017-11-07 03:00:00,Noise-SS,30.0
2017-11-07 04:00:00,Noise-SS,30.0
2017-11-07 05:00:00,Noise-SS,30.0
2017-11-07 06:00:00,Noise-SS,33.99051602185228
2017-11-07 07:00:00,Noise-SS,30.0
2017-11-07 08:00:00,Noise-SS,53.32376202612611
2017-11-07 09:00:00,Noise-SS,31.21767196435378
2017-11-07 10:00:00,Noise-SS,61.918848587577514
2017-11-07 11:00:00,Noise-SS,60.132550565459134
2017-11-07 12:00:00,Noise-SS,64.85978218567449
2017-11-07 13:00:00,Noise-SS,63.657783015933134
2017-11-07 14:00:00,Noise-SS,45.403016843856484
2017-11-07 15:00:00,Noise-SS,48.50333546088768
2017-11-07 16:00:00,Noise-SS,38.94900090670278
2017-11-07 17:00:00,Noise-SS,44.473953059732054
2017-11-07 18:00:00,Noise-SS,43.19567311956562
2017-11-07 19:00:00,Noise-SS,40.26217732555102
2017-11-07 20:00:00,Noise-SS,39.7008560263669
2017-11-07 21:00:00,Noise-SS,37.281790068714514
2017-11-07 22:00:00,Noise-SS,36.90096801005777
2017-11-07 23:00:00,Noise-SS,31.65943691591098
2017-11-08 00:00:00,Noise-SS,35.99653392846614
2017-11-08 01:00:00,Noise-SS,30.488492527140618
2017-11-08 02:00:00,Noise-SS,30.911601814524353
2017-11-08 03:00:00,Noise-SS,30.0
2017-11-08 04:00:00,Noise-SS,30.0
2017-11-08 05:00:00,Noise-SS,33.85476526005631
2017-11-08 06:00:00,Noise-SS,35.86099276343512
2017-11-08 07:00:00,Noise-SS,55.529694491852965
2017-11-08 08:00:00,Noise-SS,66.1179057420093
2017-11-08 09:00:00,Noise-SS,61.75990333575706
2017-11-08 10:00:00,Noise-SS,46.78073814970907
2017-11-08 11:00:00,Noise-SS,42.41585529800397
2017-11-08 12:00:00,Noise-SS,39.45510559236168
2017-11-08 13:00:00,Noise-SS,50.282895012558555
2017-11-08 14:00:00,Noise-SS,44.77346072444245
2017-11-08 15:00:00,Noise-SS,34.64156563783605
2017-11-08 16:00:00,Noise-SS,35.2550629306904
2017-11-08 17:00:00,Noise-SS,35.56793087337158
2017-11-08 18:00:00,Noise-SS,31.124469618115135
2017-11-08 19:00:00,Noise-SS,30.0
2017-11-08 20:00:00,Noise-SS,32.080859153121054
2017-11-08 21:00:00,Noise-SS,30.0
2017-11-08 22:00:00,Noise-SS,30.0
2017-11-08 23:00:00,Noise-SS,30.0
2017-11-09 00:00:00,Noise-SS,30.0
2017-11-09 01:00:00,Noise-SS,33.6089887010975
2017-11-09 02:00:00,Noise-SS,31.946337201109326
2017-11-09 03:00:00,Noise-SS,30.0
2017-11-09 04:00:00,Noise-SS,30.0
2017-11-09 05:00:00,Noise-SS,32.673903412555475
2017-11-09 06:00:00,Noise-SS,54.836858678686376
2017-11-09 07:00:00,Noise-SS,45.965786487158276
2017-11-09 08:00:00,Noise-SS,53.659514056186985
2017-11-09 09:00:00,Noise-SS,40.761409491805935
2017-11-09 10:00:00,Noise-SS,53.71457217815662
2017-11-09 11:00:00,Noise-SS,34.60891567052564
2017-11-09 12:00:00,Noise-SS,33.00760510255151
2017-11-09 13:00:00,Noise-SS,51.90891737573899
2017-11-09 14:00:00,Noise-SS,39.8329625000066
2017-11-09 15:00:00,Noise-SS,33.276698378857596
2017-11-09 16:00:00,Noise-SS,38.29493426156789
2017-11-09 17:00:00,Noise-SS,37.20664460050959
2017-11-09 18:00:00,Noise-SS,33.017303655152816
2017-11-09 19:00:00,Noise-SS,33.90309647594365
2017-11-09 20:00:00,Noise-SS,30.0
2017-11-09 21:00:00,Noise-SS,30.0
2017-11-09 22:00:00,Noise-SS,30.0
2017-11-09 23:00:00,Noise-SS,30.0
2017-11-10 00:00:00,Noise-SS,31.897300546663082
2017-11-10 01:00:00,Noise-SS,37.483372769040365
2017-11-10 02:00:00,Noise-SS,31.978705026891788
2017-11-10 03:00:00,Noise-SS,30.0
2017-11-10 04:00:00,Noise-SS,30.0
2017-11-10 05:00:00,Noise-SS,31.939238811800536
2017-11-10 06:00:00,Noise-SS,30.796456033310434
2017-11-10 07:00:00,Noise-SS,47.16744002293728
2017-11-10 08:00:00,Noise-SS,62.3412339593524
2017-11-10 09:00:00,Noise-SS,50.50502550708978
2017-11-10 10:00:00,Noise-SS,56.778922120393545
2017-11-10 11:00:00,Noise-SS,48.74281269548937
2017-11-10 12:00:00,Noise-SS,42.31528264236806
2017-11-10 13:00:00,Noise-SS,50.324157255313
2017-11-10 14:00:00,Noise-SS,47.43580797116234
2017-11-10 15:00:00,Noise-SS,31.98658309083201
2017-11-10 16:00:00,Noise-SS,36.39275802233302
2017-11-10 17:00:00,Noise-SS,38.12930979232822
2017-11-10 18:00:00,Noise-SS,37.39161025133977
2017-11-10 19:00:00,Noise-SS,33.74965323931818
2017-11-10 20:00:00,Noise-SS,37.676551235008304
2017-11-10 21:00:00,Noise-SS,36.77822246305932
2017-11-10 22:00:00,Noise-SS,31.183018762327407
2017-11-10 23:00:00,Noise-SS,30.0
2017-11-11 00:00:00,Noise-SS,31.246276469616518
2017-11-11 01:00:00,Noise-SS,30.394450856900605
2017-11-11 02:00:00,Noise-SS,32.43978832878454
2017-11-11 03:00:00,Noise-SS,32.882622856537715
2017-11-11 04:00:00,Noise-SS,32.236933613213196
2017-11-11 05:00:00,Noise-SS,31.658696367782067
2017-11-11 06:00:00,Noise-SS,33.02365616634511
2017-11-11 07:00:00,Noise-SS,33.795201941658206
2017-11-11 08:00:00,Noise-SS,33.08507125582544
2017-11-11 09:00:00,Noise-SS,33.24422433703534
2017-11-11 10:00:00,Noise-SS,32.970224276306396
2017-11-11 11:00:00,Noise-SS,30.874332886731942
2017-11-11 12:00:00,Noise-SS,32.62965709947935
2017-11-11 13:00:00,Noise-SS,33.19174679741988
2017-11-11 14:00:00,Noise-SS,34.05351649069698
2017-11-11 15:00:00,Noise-SS,34.6679446993514
2017-11-11 16:00:00,Noise-SS,35.44367157708093
2017-11-11 17:00:00,Noise-SS,35.77149758261489
2017-11-11 18:00:00,Noise-SS,36.509463123808956
2017-11-11 19:00:00,Noise-SS,38.056434263996536
2017-11-11 20:00:00,Noise-SS,38.89805677777884
2017-11-11 21:00:00,Noise-SS,38.84609739438171
2017-11-11 22:00:00,Noise-SS,37.61272321269531
2017-11-11 23:00:00,Noise-SS,35.88356709440571
2017-11-12 00:00:00,Noise-SS,34.15551197361656
2017-11-12 01:00:00,Noise-SS,34.967044564448074
2017-11-12 02:00:00,Noise-SS,35.66668214123642
2017-11-12 03:00:00,Noise-SS,36.85168246579847
2017-11-12 04:00:00,Noise-SS,35.4346970944547
2017-11-12 05:00:00,Noise-SS,34.96871852704866
2017-11-12 06:00:00,Noise-SS,36.116081942976926
2017-11-12 07:00:00,Noise-SS,35.99820525587886
2017-11-12 08:00:00,Noise-SS,34.112742917750396
2017-11-12 09:00:00,Noise-SS,32.43740877652777
2017-11-12 10:00:00,Noise-SS,30.741716972496796
2017-11-12 11:00:00,Noise-SS,31.865232720430825
2017-11-12 12:00:00,Noise-SS,30.191603249585786
2017-11-12 13:00:00,Noise-SS,31.762729165570928
2017-11-12 14:00:00,Noise-SS,30.872925513232452
2017-11-12 15:00:00,Noise-SS,32.17134241860186
2017-11-12 16:00:00,Noise-SS,34.044516331511105
2017-11-12 17:00:00,Noise-SS,35.86625577601124
2017-11-12 18:00:00,Noise-SS,37.02963197331609
2017-11-12 19:00:00,Noise-SS,35.67468969634366
2017-11-12 20:00:00,Noise-SS,35.989149926159186
2017-11-12 21:00:00,Noise-SS,36.96899435059188
2017-11-12 22:00:00,Noise-SS,37.442668766975814
2017-11-12 23:00:00,Noise-SS,36.09164754423044
2017-11-13 00:00:00,Noise-SS,33.62100376515763
2017-11-13 01:00:00,Noise-SS,30.0
2017-11-13 02:00:00,Noise-SS,30.0
2017-11-13 03:00:00,Noise-SS,30.0
2017-11-13 04:00:00,Noise-SS,30.0
2017-11-13 05:00:00,Noise-SS,30.020521796736727
2017-11-13 06:00:00,Noise-SS,34.32521132831649
2017-11-13 07:00:00,Noise-SS,39.79483963978825
2017-11-13 08:00:00,Noise-SS,55.62956179119756
2017-11-13 09:00:00,Noise-SS,61.09285418379818
2017-11-13 10:00:00,Noise-SS,53.07244701077024
2017-11-13 11:00:00,Noise-SS,62.397414625709864
2017-11-13 12:00:00,Noise-SS,51.15477424544899
2017-11-13 13:00:00,Noise-SS,71.52106052723501
2017-11-13 14:00:00,Noise-SS,48.93662137424423
2017-11-13 15:00:00,Noise-SS,56.80072393973675
2017-11-13 16:00:00,Noise-SS,49.18711148281304
2017-11-13 17:00:00,Noise-SS,49.62783339206672
2017-11-13 18:00:00,Noise-SS,49.373740438907284
2017-11-13 19:00:00,Noise-SS,45.61396902333338
2017-11-13 20:00:00,Noise-SS,42.589572764037456
2017-11-13 21:00:00,Noise-SS,44.56397456556024
2017-11-13 22:00:00,Noise-SS,44.128957977616025
2017-11-13 23:00:00,Noise-SS,40.478666914227155
2017-11-14 00:00:00,Noise-SS,39.85101692893845
2017-11-14 01:00:00,Noise-SS,36.69200745093258
2017-11-14 02:00:00,Noise-SS,32.453390645212885
2017-11-14 03:00:00,Noise-SS,30.0
2017-11-14 04:00:00,Noise-SS,30.0
2017-11-14 05:00:00,Noise-SS,30.0
2017-11-14 06:00:00,Noise-SS,34.51948141093524
2017-11-14 07:00:00,Noise-SS,36.16435992965845
2017-11-14 08:00:00,Noise-SS,56.29997989080879
2017-11-14 09:00:00,Noise-SS,36.85877089375273
2017-11-14 10:00:00,Noise-SS,62.31868262045583
2017-11-14 11:00:00,Noise-SS,57.11297581533845
2017-11-14 12:00:00,Noise-SS,63.411019457215254
2017-11-14 13:00:00,Noise-SS,61.990633524572274
2017-11-14 14:00:00,Noise-SS,42.73017156369111
2017-11-14 15:00:00,Noise-SS,40.403265849261054
2017-11-14 16:00:00,Noise-SS,35.27385166223247
2017-11-14 17:00:00,Noise-SS,37.195759410163426
2017-11-14 18:00:00,Noise-SS,36.0402845862376
2017-11-14 19:00:00,Noise-SS,34.19517942813716
2017-11-14 20:00:00,Noise-SS,36.84712597870258
2017-11-14 21:00:00,Noise-SS,40.67902539903428
2017-11-14 22:00:00,Noise-SS,40.00389814103287
2017-11-14 23:00:00,Noise-SS,36.110954548442706
2017-11-15 00:00:00,Noise-SS,36.618811519478406
2017-11-15 01:00:00,Noise-SS,39.206005667087034
2017-11-15 02:00:00,Noise-SS,37.92072168239339
2017-11-15 03:00:00,Noise-SS,33.932758720023635
2017-11-15 04:00:00,Noise-SS,34.369916386006246
2017-11-15 05:00:00,Noise-SS,38.58664621907786
2017-11-15 06:00:00,Noise-SS,44.16920124240854
2017-11-15 07:00:00,Noise-SS,62.20516425323979
2017-11-15 08:00:00,Noise-SS,70.81116345835649
2017-11-15 09:00:00,Noise-SS,67.52213944649493
2017-11-15 10:00:00,Noise-SS,54.39138327569524
2017-11-15 11:00:00,Noise-SS,50.30739160134
2017-11-15 12:00:00,Noise-SS,49.41156063961645
2017-11-15 13:00:00,Noise-SS,51.246515730981564
2017-11-15 14:00:00,Noise-SS,42.73017156369111
2017-11-15 15:00:00,Noise-SS,34.02886096397341
2017-11-15 16:00:00,Noise-SS,30.0
2017-11-15 17:00:00,Noise-SS,33.491284644038586
2017-11-15 18:00:00,Noise-SS,32.2485680307846
2017-11-15 19:00:00,Noise-SS,30.199886353672845
2017-11-15 20:00:00,Noise-SS,30.0
2017-11-15 21:00:00,Noise-SS,30.0
2017-11-15 22:00:00,Noise-SS,30.0
2017-11-15 23:00:00,Noise-SS,30.0
2017-11-16 00:00:00,Noise-SS,39.99162690333411
2017-11-16 01:00:00,Noise-SS,37.53442333811305
2017-11-16 02:00:00,Noise-SS,32.252629895315344
2017-11-16 03:00:00,Noise-SS,30.0
2017-11-16 04:00:00,Noise-SS,30.0
2017-11-16 05:00:00,Noise-SS,32.466881268339634
2017-11-16 06:00:00,Noise-SS,55.71306554978533
2017-11-16 07:00:00,Noise-SS,40.69892369103092
2017-11-16 08:00:00,Noise-SS,52.390503026569334
2017-11-16 09:00:00,Noise-SS,40.79358611879992
2017-11-16 10:00:00,Noise-SS,53.833733950836304
2017-11-16 11:00:00,Noise-SS,38.81977254347807
2017-11-16 12:00:00,Noise-SS,35.40959595515865
2017-11-16 13:00:00,Noise-SS,52.706330365960795
2017-11-16 14:00:00,Noise-SS,42.27992431594456
2017-11-16 15:00:00,Noise-SS,30.0
2017-11-16 16:00:00,Noise-SS,30.0
2017-11-16 17:00:00,Noise-SS,31.662824994993617
2017-11-16 18:00:00,Noise-SS,31.84082142536807
2017-11-16 19:00:00,Noise-SS,30.750781124256793
2017-11-16 20:00:00,Noise-SS,30.0
2017-11-16 21:00:00,Noise-SS,30.0
2017-11-16 22:00:00,Noise-SS,30.0
2017-11-16 23:00:00,Noise-SS,30.0
2017-11-17 00:00:00,Noise-SS,40.69819321477632
2017-11-17 01:00:00,Noise-SS,39.01692267841242
2017-11-17 02:00:00,Noise-SS,35.29150048527437
2017-11-17 03:00:00,Noise-SS,33.376048802751924
2017-11-17 04:00:00,Noise-SS,32.56298973320408
2017-11-17 05:00:00,Noise-SS,33.25703493159635
2017-11-17 06:00:00,Noise-SS,35.221989897568065
2017-11-17 07:00:00,Noise-SS,54.363104201637796
2017-11-17 08:00:00,Noise-SS,62.86955791385086
2017-11-17 09:00:00,Noise-SS,50.736352066752566
2017-11-17 10:00:00,Noise-SS,63.22904055210679
2017-11-17 11:00:00,Noise-SS,52.60375824068718
2017-11-17 12:00:00,Noise-SS,43.79765338094784
2017-11-17 13:00:00,Noise-SS,52.413629550158845
2017-11-17 14:00:00,Noise-SS,47.93517676722612
2017-11-17 15:00:00,Noise-SS,33.875243669120366
2017-11-17 16:00:00,Noise-SS,34.13943373066292
2017-11-17 17:00:00,Noise-SS,33.92106632129911
2017-11-17 18:00:00,Noise-SS,33.07418401003742
2017-11-17 19:00:00,Noise-SS,30.18303729869652
2017-11-17 20:00:00,Noise-SS,32.65820055199298
2017-11-17 21:00:00,Noise-SS,30.0
2017-11-17 22:00:00,Noise-SS,30.0
2017-11-17 23:00:00,Noise-SS,30.0
2017-11-18 00:00:00,Noise-SS,37.432623323000264
2017-11-18 01:00:00,Noise-SS,39.26281718290949
2017-11-18 02:00:00,Noise-SS,38.3036836802703
2017-11-18 03:00:00,Noise-SS,36.401541856959966
2017-11-18 04:00:00,Noise-SS,36.94139400307517
2017-11-18 05:00:00,Noise-SS,35.59789554754018
2017-11-18 06:00:00,Noise-SS,36.11209919753478
2017-11-18 07:00:00,Noise-SS,34.27613080383081
2017-11-18 08:00:00,Noise-SS,32.21767892058443
2017-11-18 09:00:00,Noise-SS,33.40860353829343
2017-11-18 10:00:00,Noise-SS,35.50601088394481
2017-11-18 11:00:00,Noise-SS,37.074821762387415
2017-11-18 12:00:00,Noise-SS,36.782619315100646
2017-11-18 13:00:00,Noise-SS,35.5060242487662
2017-11-18 14:00:00,Noise-SS,35.478070172264964
2017-11-18 15:00:00,Noise-SS,36.52453876894188
2017-11-18 16:00:00,Noise-SS,34.42521263065552
2017-11-18 17:00:00,Noise-SS,34.38934222755658
2017-11-18 18:00:00,Noise-SS,33.73323519185893
2017-11-18 19:00:00,Noise-SS,34.24394542830614
2017-11-18 20:00:00,Noise-SS,36.292674464812116
2017-11-18 21:00:00,Noise-SS,38.35200449026139
2017-11-18 22:00:00,Noise-SS,37.62330813299715
2017-11-18 23:00:00,Noise-SS,38.91060338140309
2017-11-19 00:00:00,Noise-SS,36.20169172390821
2017-11-19 01:00:00,Noise-SS,36.02208194952281
2017-11-19 02:00:00,Noise-SS,34.87712909937805
2017-11-19 03:00:00,Noise-SS,35.41877171469683
2017-11-19 04:00:00,Noise-SS,33.85635217674574
2017-11-19 05:00:00,Noise-SS,34.19772401056307
2017-11-19 06:00:00,Noise-SS,33.10793226793609
2017-11-19 07:00:00,Noise-SS,31.02833324831111
2017-11-19 08:00:00,Noise-SS,30.0
2017-11-19 09:00:00,Noise-SS,31.645912173868982
2017-11-19 10:00:00,Noise-SS,30.63332398401963
2017-11-19 11:00:00,Noise-SS,32.02747753669453
2017-11-19 12:00:00,Noise-SS,32.00185633880868
2017-11-19 13:00:00,Noise-SS,31.845448176481348
2017-11-19 14:00:00,Noise-SS,31.507526739593974
2017-11-19 15:00:00,Noise-SS,32.765465575189594
2017-11-19 16:00:00,Noise-SS,33.57520010867655
2017-11-19 17:00:00,Noise-SS,33.972737334345254
2017-11-19 18:00:00,Noise-SS,33.38059534464644
2017-11-19 19:00:00,Noise-SS,32.97365139624204
2017-11-19 20:00:00,Noise-SS,31.954379859592034
2017-11-19 21:00:00,Noise-SS,33.1222573840651
2017-11-19 22:00:00,Noise-SS,32.65779379886829
2017-11-19 23:00:00,Noise-SS,33.37518180148272
2017-11-20 00:00:00,Noise-SS,39.73537731741436
2017-11-20 01:00:00,Noise-SS,39.238940594897414
2017-11-20 02:00:00,Noise-SS,35.24162794460389
2017-11-20 03:00:00,Noise-SS,33.75682542999992
2017-11-20 04:00:00,Noise-SS,30.0
2017-11-20 05:00:00,Noise-SS,32.68851548964218
2017-11-20 06:00:00,Noise-SS,35.23060876338868
2017-11-20 07:00:00,Noise-SS,36.522868659933586
2017-11-20 08:00:00,Noise-SS,48.64688482543374
2017-11-20 09:00:00,Noise-SS,51.73513452059178
2017-11-20 10:00:00,Noise-SS,45.17525704844439
2017-11-20 11:00:00,Noise-SS,59.78671076747529
2017-11-20 12:00:00,Noise-SS,46.66709915801898
2017-11-20 13:00:00,Noise-SS,70.88706471980463
2017-11-20 14:00:00,Noise-SS,44.72614129302901
2017-11-20 15:00:00,Noise-SS,46.69208200032752
2017-11-20 16:00:00,Noise-SS,32.290061186088266
2017-11-20 17:00:00,Noise-SS,33.41960644900146
2017-11-20 18:00:00,Noise-SS,30.0
2017-11-20 19:00:00,Noise-SS,30.0
2017-11-20 20:00:00,Noise-SS,30.0
2017-11-20 21:00:00,Noise-SS,30.0
2017-11-20 22:00:00,Noise-SS,31.102875307858454
2017-11-20 23:00:00,Noise-SS,33.53528829639261
2017-11-21 00:00:00,Noise-SS,30.0
2017-11-21 01:00:00,Noise-SS,30.0
2017-11-21 02:00:00,Noise-SS,30.0
2017-11-21 03:00:00,Noise-SS,30.0
2017-11-21 04:00:00,Noise-SS,30.0
2017-11-21 05:00:00,Noise-SS,34.23366053735373
2017-11-21 06:00:00,Noise-SS,38.97874234995123
2017-11-21 07:00:00,Noise-SS,41.37747644527131
2017-11-21 08:00:00,Noise-SS,62.70842414077561
2017-11-21 09:00:00,Noise-SS,49.93636363550232
2017-11-21 10:00:00,Noise-SS,70.20044495411017
2017-11-21 11:00:00,Noise-SS,69.25676727087638
2017-11-21 12:00:00,Noise-SS,74.05607875918335
2017-11-21 13:00:00,Noise-SS,79.37155113532235
2017-11-21 14:00:00,Noise-SS,70.00165984986702
2017-11-21 15:00:00,Noise-SS,65.83610720020675
2017-11-21 16:00:00,Noise-SS,58.73554602766127
2017-11-21 17:00:00,Noise-SS,60.28462935016134
2017-11-21 18:00:00,Noise-SS,56.699752224911464
2017-11-21 19:00:00,Noise-SS,59.79439413097191
2017-11-21 20:00:00,Noise-SS,57.129064659847586
2017-11-21 21:00:00,Noise-SS,56.11644654498099
2017-11-21 22:00:00,Noise-SS,50.95403041991317
2017-11-21 23:00:00,Noise-SS,48.83981810484723
2017-11-22 00:00:00,Noise-SS,35.8432797702835
2017-11-22 01:00:00,Noise-SS,35.63587878731305
2017-11-22 02:00:00,Noise-SS,32.32256257416341
2017-11-22 03:00:00,Noise-SS,30.904088683779204
2017-11-22 04:00:00,Noise-SS,30.0
2017-11-22 05:00:00,Noise-SS,35.41539137739071
2017-11-22 06:00:00,Noise-SS,37.013595307290046
2017-11-22 07:00:00,Noise-SS,52.794062549513754
2017-11-22 08:00:00,Noise-SS,64.29350666054081
2017-11-22 09:00:00,Noise-SS,65.26386208882577
2017-11-22 10:00:00,Noise-SS,52.06126144824769
2017-11-22 11:00:00,Noise-SS,46.7480607482756
2017-11-22 12:00:00,Noise-SS,42.37520074444427
2017-11-22 13:00:00,Noise-SS,46.06603705799027
2017-11-22 14:00:00,Noise-SS,42.73017156369111
2017-11-22 15:00:00,Noise-SS,31.62847945439981
2017-11-22 16:00:00,Noise-SS,35.88962484046025
2017-11-22 17:00:00,Noise-SS,40.65053642142194
2017-11-22 18:00:00,Noise-SS,40.537085854319216
2017-11-22 19:00:00,Noise-SS,36.44509102590728
2017-11-22 20:00:00,Noise-SS,34.54731184395129
2017-11-22 21:00:00,Noise-SS,39.4859979556725
2017-11-22 22:00:00,Noise-SS,38.44441050363579
2017-11-22 23:00:00,Noise-SS,35.628858338738674
2017-11-23 00:00:00,Noise-SS,36.77468125792339
2017-11-23 01:00:00,Noise-SS,32.92186242544597
2017-11-23 02:00:00,Noise-SS,37.40666375565762
2017-11-23 03:00:00,Noise-SS,32.627437004379175
2017-11-23 04:00:00,Noise-SS,31.965633815601514
2017-11-23 05:00:00,Noise-SS,37.10512006257953
2017-11-23 06:00:00,Noise-SS,57.510814975139546
2017-11-23 07:00:00,Noise-SS,47.62770026971228
2017-11-23 08:00:00,Noise-SS,59.70789045446012
2017-11-23 09:00:00,Noise-SS,46.589155831279726
2017-11-23 10:00:00,Noise-SS,59.45916847328159
2017-11-23 11:00:00,Noise-SS,40.79429607881288
2017-11-23 12:00:00,Noise-SS,39.79391921355147
2017-11-23 13:00:00,Noise-SS,57.15783754715596
2017-11-23 14:00:00,Noise-SS,44.385672579560655
2017-11-23 15:00:00,Noise-SS,35.73725013851459
2017-11-23 16:00:00,Noise-SS,37.05821422513839
2017-11-23 17:00:00,Noise-SS,40.860937419855034
2017-11-23 18:00:00,Noise-SS,35.457441140279656
2017-11-23 19:00:00,Noise-SS,34.49471300336777
2017-11-23 20:00:00,Noise-SS,34.52537632467977
2017-11-23 21:00:00,Noise-SS,32.71504914028873
2017-11-23 22:00:00,Noise-SS,30.39898806458854
2017-11-23 23:00:00,Noise-SS,30.0
2017-11-24 00:00:00,Noise-SS,38.8556023776696
2017-11-24 01:00:00,Noise-SS,38.58172335500271
2017-11-24 02:00:00,Noise-SS,33.49015076019264
2017-11-24 03:00:00,Noise-SS,30.0
2017-11-24 04:00:00,Noise-SS,30.0
2017-11-24 05:00:00,Noise-SS,32.35823846701492
2017-11-24 06:00:00,Noise-SS,37.03462340128024
2017-11-24 07:00:00,Noise-SS,54.919493522842984
2017-11-24 08:00:00,Noise-SS,65.71624349222743
2017-11-24 09:00:00,Noise-SS,49.956018885556425
2017-11-24 10:00:00,Noise-SS,55.334159018531324
2017-11-24 11:00:00,Noise-SS,49.49973106578615
2017-11-24 12:00:00,Noise-SS,40.3655408789602
2017-11-24 13:00:00,Noise-SS,50.324157255313
2017-11-24 14:00:00,Noise-SS,47.43580797116234
2017-11-24 15:00:00,Noise-SS,35.282495036119855
2017-11-24 16:00:00,Noise-SS,37.97200092140014
2017-11-24 17:00:00,Noise-SS,43.11720726264406
2017-11-24 18:00:00,Noise-SS,47.112728992501175
2017-11-24 19:00:00,Noise-SS,45.16573158695613
2017-11-24 20:00:00,Noise-SS,42.32417427058385
2017-11-24 21:00:00,Noise-SS,40.39703803369319
2017-11-24 22:00:00,Noise-SS,36.67350816409953
2017-11-24 23:00:00,Noise-SS,39.15513319566013
2017-11-25 00:00:00,Noise-SS,37.32201983507828
2017-11-25 01:00:00,Noise-SS,37.75817653091227
2017-11-25 02:00:00,Noise-SS,39.243287659959776
2017-11-25 03:00:00,Noise-SS,40.242114419786816
2017-11-25 04:00:00,Noise-SS,38.616993976612676
2017-11-25 05:00:00,Noise-SS,38.59631172239759
2017-11-25 06:00:00,Noise-SS,40.355054572414375
2017-11-25 07:00:00,Noise-SS,38.8444199976615
2017-11-25 08:00:00,Noise-SS,37.107270649842555
2017-11-25 09:00:00,Noise-SS,37.105775991910974
2017-11-25 10:00:00,Noise-SS,38.742611945286995
2017-11-25 11:00:00,Noise-SS,37.62594655232552
2017-11-25 12:00:00,Noise-SS,38.40496821131373
2017-11-25 13:00:00,Noise-SS,38.6684083497169
2017-11-25 14:00:00,Noise-SS,37.355794064744316
2017-11-25 15:00:00,Noise-SS,37.610248142682536
2017-11-25 16:00:00,Noise-SS,37.48523562684509
2017-11-25 17:00:00,Noise-SS,39.11578466311699
2017-11-25 18:00:00,Noise-SS,40.34868450238207
2017-11-25 19:00:00,Noise-SS,39.86989961622167
2017-11-25 20:00:00,Noise-SS,40.500748597054724
2017-11-25 21:00:00,Noise-SS,39.72667018060065
2017-11-25 22:00:00,Noise-SS,39.119525083634
2017-11-25 23:00:00,Noise-SS,38.341812856372
2017-11-26 00:00:00,Noise-SS,36.93763533566928
2017-11-26 01:00:00,Noise-SS,37.50769045502105
2017-11-26 02:00:00,Noise-SS,35.49893117182582
2017-11-26 03:00:00,Noise-SS,36.88599384361054
2017-11-26 04:00:00,Noise-SS,35.12259427271286
2017-11-26 05:00:00,Noise-SS,34.175715886936736
2017-11-26 06:00:00,Noise-SS,35.929964643939336
2017-11-26 07:00:00,Noise-SS,35.12064948162248
2017-11-26 08:00:00,Noise-SS,34.2215168989497
2017-11-26 09:00:00,Noise-SS,33.48636414320836
2017-11-26 10:00:00,Noise-SS,34.07578241506367
2017-11-26 11:00:00,Noise-SS,34.97875846112099
2017-11-26 12:00:00,Noise-SS,35.84441631365066
2017-11-26 13:00:00,Noise-SS,36.5534822676305
2017-11-26 14:00:00,Noise-SS,38.33255648813174
2017-11-26 15:00:00,Noise-SS,36.76758318805281
2017-11-26 16:00:00,Noise-SS,35.55361230124154
2017-11-26 17:00:00,Noise-SS,36.6248190855094
2017-11-26 18:00:00,Noise-SS,34.6060871385887
2017-11-26 19:00:00,Noise-SS,35.52140747413498
2017-11-26 20:00:00,Noise-SS,37.4769964452516
2017-11-26 21:00:00,Noise-SS,38.31123632328103
2017-11-26 22:00:00,Noise-SS,39.65143873206408
2017-11-26 23:00:00,Noise-SS,38.961335508753564
2017-11-27 00:00:00,Noise-SS,35.780561173448525
2017-11-27 01:00:00,Noise-SS,38.86015531536813
2017-11-27 02:00:00,Noise-SS,34.36110888551013
2017-11-27 03:00:00,Noise-SS,31.260125684259318
2017-11-27 04:00:00,Noise-SS,30.0
2017-11-27 05:00:00,Noise-SS,31.28792879084628
2017-11-27 06:00:00,Noise-SS,31.999049488242246
2017-11-27 07:00:00,Noise-SS,36.814825697124576
2017-11-27 08:00:00,Noise-SS,52.44967105148721
2017-11-27 09:00:00,Noise-SS,53.403503317123736
2017-11-27 10:00:00,Noise-SS,46.543452517104704
2017-11-27 11:00:00,Noise-SS,55.04526526953794
2017-11-27 12:00:00,Noise-SS,43.53009781975456
2017-11-27 13:00:00,Noise-SS,68.08163105763576
2017-11-27 14:00:00,Noise-SS,42.33798967535715
2017-11-27 15:00:00,Noise-SS,48.62711730062925
2017-11-27 16:00:00,Noise-SS,38.71391919771007
2017-11-27 17:00:00,Noise-SS,39.416122515407416
2017-11-27 18:00:00,Noise-SS,43.60416026917867
2017-11-27 19:00:00,Noise-SS,38.16835509760448
2017-11-27 20:00:00,Noise-SS,39.96088666827453
2017-11-27 21:00:00,Noise-SS,36.11422246754405
2017-11-27 22:00:00,Noise-SS,31.788464834927726
2017-11-27 23:00:00,Noise-SS,31.55094755709913
2017-11-28 00:00:00,Noise-SS,46.00540233174732
2017-11-28 01:00:00,Noise-SS,44.77211271408597
2017-11-28 02:00:00,Noise-SS,43.96651550086629
2017-11-28 03:00:00,Noise-SS,43.30246514460465
2017-11-28 04:00:00,Noise-SS,40.45583576468957
2017-11-28 05:00:00,Noise-SS,45.22954016734608
2017-11-28 06:00:00,Noise-SS,41.80508605840372
2017-11-28 07:00:00,Noise-SS,43.67670019073093
2017-11-28 08:00:00,Noise-SS,63.92649765216627
2017-11-28 09:00:00,Noise-SS,50.339084509392066
2017-11-28 10:00:00,Noise-SS,75.92758932981627
2017-11-28 11:00:00,Noise-SS,69.8444818398695
2017-11-28 12:00:00,Noise-SS,71.00788082449984
2017-11-28 13:00:00,Noise-SS,73.13064009683033
2017-11-28 14:00:00,Noise-SS,58.07607714747589
2017-11-28 15:00:00,Noise-SS,56.87785153730016
2017-11-28 16:00:00,Noise-SS,50.22516582438897
2017-11-28 17:00:00,Noise-SS,52.521165072292675
2017-11-28 18:00:00,Noise-SS,57.2571378838114
2017-11-28 19:00:00,Noise-SS,53.42211632358655
2017-11-28 20:00:00,Noise-SS,52.66780515226303
2017-11-28 21:00:00,Noise-SS,54.321553233466254
2017-11-28 22:00:00,Noise-SS,54.20718892551795
2017-11-28 23:00:00,Noise-SS,53.69827871664631
2017-11-29 00:00:00,Noise-SS,30.0
2017-11-29 01:00:00,Noise-SS,30.0
2017-11-29 02:00:00,Noise-SS,30.0
2017-11-29 03:00:00,Noise-SS,30.0
2017-11-29 04:00:00,Noise-SS,30.0
2017-11-29 05:00:00,Noise-SS,35.57789155125336
2017-11-29 06:00:00,Noise-SS,38.39964020148088
2017-11-29 07:00:00,Noise-SS,57.33704563041626
2017-11-29 08:00:00,Noise-SS,69.26708334426777
2017-11-29 09:00:00,Noise-SS,68.16940769876422
2017-11-29 10:00:00,Noise-SS,58.21550545517445
2017-11-29 11:00:00,Noise-SS,59.485204754648635
2017-11-29 12:00:00,Noise-SS,53.99567259246184
2017-11-29 13:00:00,Noise-SS,56.39426602519735
2017-11-29 14:00:00,Noise-SS,52.72084718092863
2017-11-29 15:00:00,Noise-SS,40.892459610737006
2017-11-29 16:00:00,Noise-SS,43.91910644765086
2017-11-29 17:00:00,Noise-SS,45.01586734118299
2017-11-29 18:00:00,Noise-SS,42.78936298257767
2017-11-29 19:00:00,Noise-SS,37.49192862531423
2017-11-29 20:00:00,Noise-SS,37.41517384050465
2017-11-29 21:00:00,Noise-SS,32.55428776235071
2017-11-29 22:00:00,Noise-SS,30.792911966101357
2017-11-29 23:00:00,Noise-SS,35.01677853018945
2017-11-30 00:00:00,Noise-SS,34.227791379641914
2017-11-30 01:00:00,Noise-SS,30.053604374880774
2017-11-30 02:00:00,Noise-SS,30.0
2017-11-30 03:00:00,Noise-SS,30.50869829629633
2017-11-30 04:00:00,Noise-SS,30.0
2017-11-30 05:00:00,Noise-SS,34.73490098502998
2017-11-30 06:00:00,Noise-SS,55.897240612833095
2017-11-30 07:00:00,Noise-SS,49.61370649696466
2017-11-30 08:00:00,Noise-SS,60.19763463188025
2017-11-30 09:00:00,Noise-SS,44.709705298053805
2017-11-30 10:00:00,Noise-SS,58.44775473153031
2017-11-30 11:00:00,Noise-SS,38.73043498183804
2017-11-30 12:00:00,Noise-SS,43.85904268247184
2017-11-30 13:00:00,Noise-SS,65.23971261353857
2017-11-30 14:00:00,Noise-SS,50.684683475594866
2017-11-30 15:00:00,Noise-SS,41.79586130427745
2017-11-30 16:00:00,Noise-SS,45.87106656820325
2017-11-30 17:00:00,Noise-SS,50.985781615509
2017-11-30 18:00:00,Noise-SS,47.51396757841171
2017-11-30 19:00:00,Noise-SS,48.83502178588055
2017-11-30 20:00:00,Noise-SS,46.29496721291449
2017-11-30 21:00:00,Noise-SS,46.20055167142297
2017-11-30 22:00:00,Noise-SS,46.710724403053135
2017-11-30 23:00:00,Noise-SS,45.74921217112843
2017-12-01 00:00:00,Noise-SS,32.926788284179864
2017-12-01 01:00:00,Noise-SS,31.603511947924506
2017-12-01 02:00:00,Noise-SS,30.0
2017-12-01 03:00:00,Noise-SS,30.0
2017-12-01 04:00:00,Noise-SS,30.0
2017-12-01 05:00:00,Noise-SS,32.20063856046629
2017-12-01 06:00:00,Noise-SS,34.56334160583891
2017-12-01 07:00:00,Noise-SS,51.37209400207354
2017-12-01 08:00:00,Noise-SS,65.26322921979347
2017-12-01 09:00:00,Noise-SS,52.700292121713254
2017-12-01 10:00:00,Noise-SS,62.05672873194662
2017-12-01 11:00:00,Noise-SS,61.543167778370936
2017-12-01 12:00:00,Noise-SS,52.50403662494898
2017-12-01 13:00:00,Noise-SS,60.020047755839386
2017-12-01 14:00:00,Noise-SS,53.392492066660914
2017-12-01 15:00:00,Noise-SS,38.08226355113773
2017-12-01 16:00:00,Noise-SS,38.37909528880472
2017-12-01 17:00:00,Noise-SS,42.89427180386606
2017-12-01 18:00:00,Noise-SS,41.286147943422485
2017-12-01 19:00:00,Noise-SS,43.16142511008328
2017-12-01 20:00:00,Noise-SS,43.434610277686346
2017-12-01 21:00:00,Noise-SS,40.949956298053294
2017-12-01 22:00:00,Noise-SS,44.08456308002335
2017-12-01 23:00:00,Noise-SS,40.74882655422678
2017-12-02 00:00:00,Noise-SS,35.93679505375446
2017-12-02 01:00:00,Noise-SS,34.660377211715016
2017-12-02 02:00:00,Noise-SS,33.980871340791445
2017-12-02 03:00:00,Noise-SS,33.74912243932377
2017-12-02 04:00:00,Noise-SS,33.12788383510158
2017-12-02 05:00:00,Noise-SS,34.06474019771995
2017-12-02 06:00:00,Noise-SS,32.77741700673619
2017-12-02 07:00:00,Noise-SS,33.90564717710687
2017-12-02 08:00:00,Noise-SS,34.050951078027566
2017-12-02 09:00:00,Noise-SS,32.31495633413967
2017-12-02 10:00:00,Noise-SS,33.22860146513172
2017-12-02 11:00:00,Noise-SS,35.09555296281188
2017-12-02 12:00:00,Noise-SS,35.50142167577475
2017-12-02 13:00:00,Noise-SS,33.49244136079651
2017-12-02 14:00:00,Noise-SS,34.3048818158378
2017-12-02 15:00:00,Noise-SS,35.55826610166953
2017-12-02 16:00:00,Noise-SS,33.976489086167
2017-12-02 17:00:00,Noise-SS,33.68463220463474
2017-12-02 18:00:00,Noise-SS,34.560612732020594
2017-12-02 19:00:00,Noise-SS,35.0139251676154
2017-12-02 20:00:00,Noise-SS,34.89111541223721
2017-12-02 21:00:00,Noise-SS,33.13918711357325
2017-12-02 22:00:00,Noise-SS,34.52566469372461
2017-12-02 23:00:00,Noise-SS,32.440322056150826
2017-12-03 00:00:00,Noise-SS,31.68746211108108
2017-12-03 01:00:00,Noise-SS,31.411328814198384
2017-12-03 02:00:00,Noise-SS,33.49547778048098
2017-12-03 03:00:00,Noise-SS,35.11083689859351
2017-12-03 04:00:00,Noise-SS,34.13355041512548
2017-12-03 05:00:00,Noise-SS,35.65448829949027
2017-12-03 06:00:00,Noise-SS,37.60342825916297
2017-12-03 07:00:00,Noise-SS,37.34925356558442
2017-12-03 08:00:00,Noise-SS,38.67547353960613
2017-12-03 09:00:00,Noise-SS,39.63307028085979
2017-12-03 10:00:00,Noise-SS,38.44302865516114
2017-12-03 11:00:00,Noise-SS,39.22381995452961
2017-12-03 12:00:00,Noise-SS,38.19136064847375
2017-12-03 13:00:00,Noise-SS,38.07018437398431
2017-12-03 14:00:00,Noise-SS,36.61121670897376
2017-12-03 15:00:00,Noise-SS,35.83975788636235
2017-12-03 16:00:00,Noise-SS,35.29041198755752
2017-12-03 17:00:00,Noise-SS,33.53145712331302
2017-12-03 18:00:00,Noise-SS,33.52927386182848
2017-12-03 19:00:00,Noise-SS,32.47036811701144
2017-12-03 20:00:00,Noise-SS,33.71793650487434
2017-12-03 21:00:00,Noise-SS,35.50498929427009
2017-12-03 22:00:00,Noise-SS,34.43610662678776
2017-12-03 23:00:00,Noise-SS,36.23919036441356
2017-12-04 00:00:00,Noise-SS,38.60799156745744
2017-12-04 01:00:00,Noise-SS,37.03107511191295
2017-12-04 02:00:00,Noise-SS,31.48983151017276
2017-12-04 03:00:00,Noise-SS,31.01449160883459
2017-12-04 04:00:00,Noise-SS,30.0
2017-12-04 05:00:00,Noise-SS,31.64476165010837
2017-12-04 06:00:00,Noise-SS,35.76726060819682
2017-12-04 07:00:00,Noise-SS,41.2615410749355
2017-12-04 08:00:00,Noise-SS,49.73702628334635
2017-12-04 09:00:00,Noise-SS,53.083968153338574
2017-12-04 10:00:00,Noise-SS,46.85857081988161
2017-12-04 11:00:00,Noise-SS,57.50054492704257
2017-12-04 12:00:00,Noise-SS,41.88715393763592
2017-12-04 13:00:00,Noise-SS,59.76156297604565
2017-12-04 14:00:00,Noise-SS,38.467852413582996
2017-12-04 15:00:00,Noise-SS,44.172427062132016
2017-12-04 16:00:00,Noise-SS,30.52965748667378
2017-12-04 17:00:00,Noise-SS,32.80249937996584
2017-12-04 18:00:00,Noise-SS,30.0
2017-12-04 19:00:00,Noise-SS,30.0
2017-12-04 20:00:00,Noise-SS,30.0
2017-12-04 21:00:00,Noise-SS,31.571881063289727
2017-12-04 22:00:00,Noise-SS,30.0
2017-12-04 23:00:00,Noise-SS,30.0
2017-12-05 00:00:00,Noise-SS,39.50154927475841
2017-12-05 01:00:00,Noise-SS,37.486633004411736
2017-12-05 02:00:00,Noise-SS,36.556911148541246
2017-12-05 03:00:00,Noise-SS,37.579979321413056
2017-12-05 04:00:00,Noise-SS,39.70322975271067
2017-12-05 05:00:00,Noise-SS,44.77955881989185
2017-12-05 06:00:00,Noise-SS,47.088888076801794
2017-12-05 07:00:00,Noise-SS,44.99483746125337
2017-12-05 08:00:00,Noise-SS,66.90466684460797
2017-12-05 09:00:00,Noise-SS,52.959332047156124
2017-12-05 10:00:00,Noise-SS,73.56380478560123
2017-12-05 11:00:00,Noise-SS,65.8172379777496
2017-12-05 12:00:00,Noise-SS,74.30048671110033
2017-12-05 13:00:00,Noise-SS,79.05533954599848
2017-12-05 14:00:00,Noise-SS,62.558202610683615
2017-12-05 15:00:00,Noise-SS,64.73844638520356
2017-12-05 16:00:00,Noise-SS,55.657469080465845
2017-12-05 17:00:00,Noise-SS,60.120084798547325
2017-12-05 18:00:00,Noise-SS,55.68067142390738
2017-12-05 19:00:00,Noise-SS,50.61300239913518
2017-12-05 20:00:00,Noise-SS,46.61754787231672
2017-12-05 21:00:00,Noise-SS,41.516348906149666
2017-12-05 22:00:00,Noise-SS,39.86865944198336
2017-12-05 23:00:00,Noise-SS,35.05906542334172
2017-12-06 00:00:00,Noise-SS,30.778771345721744
2017-12-06 01:00:00,Noise-SS,32.741034033055975
2017-12-06 02:00:00,Noise-SS,38.08460306721467
2017-12-06 03:00:00,Noise-SS,37.12408098396562
2017-12-06 04:00:00,Noise-SS,34.515722056902966
2017-12-06 05:00:00,Noise-SS,36.39345898603248
2017-12-06 06:00:00,Noise-SS,39.436044370491814
2017-12-06 07:00:00,Noise-SS,59.444482497072194
2017-12-06 08:00:00,Noise-SS,69.7631981673746
2017-12-06 09:00:00,Noise-SS,60.539273491933415
2017-12-06 10:00:00,Noise-SS,48.77743447374959
2017-12-06 11:00:00,Noise-SS,43.553932635960884
2017-12-06 12:00:00,Noise-SS,39.45510559236168
2017-12-06 13:00:00,Noise-SS,46.06603705799027
2017-12-06 14:00:00,Noise-SS,42.73017156369111
2017-12-06 15:00:00,Noise-SS,32.197691543453885
2017-12-06 16:00:00,Noise-SS,35.55820759860791
2017-12-06 17:00:00,Noise-SS,39.09244145370162
2017-12-06 18:00:00,Noise-SS,38.886083088928345
2017-12-06 19:00:00,Noise-SS,35.6028377379044
2017-12-06 20:00:00,Noise-SS,33.12956844358038
2017-12-06 21:00:00,Noise-SS,30.25267163244873
2017-12-06 22:00:00,Noise-SS,35.36347591688835
2017-12-06 23:00:00,Noise-SS,33.10373449694309
2017-12-07 00:00:00,Noise-SS,33.774850263176226
2017-12-07 01:00:00,Noise-SS,32.58793325694216
2017-12-07 02:00:00,Noise-SS,32.504691845952834
2017-12-07 03:00:00,Noise-SS,37.64891097902361
2017-12-07 04:00:00,Noise-SS,39.9728168313665
2017-12-07 05:00:00,Noise-SS,41.95196961741212
2017-12-07 06:00:00,Noise-SS,63.8913616925669
2017-12-07 07:00:00,Noise-SS,49.40257819182146
2017-12-07 08:00:00,Noise-SS,57.68442148328615
2017-12-07 09:00:00,Noise-SS,43.780927598254095
2017-12-07 10:00:00,Noise-SS,60.1473396600351
2017-12-07 11:00:00,Noise-SS,46.61299858735095
2017-12-07 12:00:00,Noise-SS,46.59659020508499
2017-12-07 13:00:00,Noise-SS,64.02632853321
2017-12-07 14:00:00,Noise-SS,49.368312321392274
2017-12-07 15:00:00,Noise-SS,40.797798470282416
2017-12-07 16:00:00,Noise-SS,42.73201894444543
2017-12-07 17:00:00,Noise-SS,48.14379326332357
2017-12-07 18:00:00,Noise-SS,43.07283829994947
2017-12-07 19:00:00,Noise-SS,40.46973131465494
2017-12-07 20:00:00,Noise-SS,45.372196022435716
2017-12-07 21:00:00,Noise-SS,39.8689514387182
2017-12-07 22:00:00,Noise-SS,45.40750062303995
2017-12-07 23:00:00,Noise-SS,41.04110637583271
2017-12-08 00:00:00,Noise-SS,40.74474479274737
2017-12-08 01:00:00,Noise-SS,41.66192520891504
2017-12-08 02:00:00,Noise-SS,38.76009047801496
2017-12-08 03:00:00,Noise-SS,42.06501761968693
2017-12-08 04:00:00,Noise-SS,41.720622276695146
2017-12-08 05:00:00,Noise-SS,45.9796416391909
2017-12-08 06:00:00,Noise-SS,50.28889959557407
2017-12-08 07:00:00,Noise-SS,67.7494362580419
2017-12-08 08:00:00,Noise-SS,73.95202379158138
2017-12-08 09:00:00,Noise-SS,65.08624904823985
2017-12-08 10:00:00,Noise-SS,70.06737625110532
2017-12-08 11:00:00,Noise-SS,59.67216504554621
2017-12-08 12:00:00,Noise-SS,50.1457777747993
2017-12-08 13:00:00,Noise-SS,60.543380632481615
2017-12-08 14:00:00,Noise-SS,52.76257335869975
2017-12-08 15:00:00,Noise-SS,30.529195626097774
2017-12-08 16:00:00,Noise-SS,33.100426741899724
2017-12-08 17:00:00,Noise-SS,35.68938679437328
2017-12-08 18:00:00,Noise-SS,35.30857745246641
2017-12-08 19:00:00,Noise-SS,31.443059194114788
2017-12-08 20:00:00,Noise-SS,30.0
2017-12-08 21:00:00,Noise-SS,32.96817533705886
2017-12-08 22:00:00,Noise-SS,32.21807329630295
2017-12-08 23:00:00,Noise-SS,37.356275686553225
2017-12-09 00:00:00,Noise-SS,35.91231264364562
2017-12-09 01:00:00,Noise-SS,36.99980281831544
2017-12-09 02:00:00,Noise-SS,35.866098810324914
2017-12-09 03:00:00,Noise-SS,34.752424633272504
2017-12-09 04:00:00,Noise-SS,33.9024387433288
2017-12-09 05:00:00,Noise-SS,34.39149525126837
2017-12-09 06:00:00,Noise-SS,34.93169446399687
2017-12-09 07:00:00,Noise-SS,33.44777219240105
2017-12-09 08:00:00,Noise-SS,34.63696460501047
2017-12-09 09:00:00,Noise-SS,33.0359546538555
2017-12-09 10:00:00,Noise-SS,33.356851742391115
2017-12-09 11:00:00,Noise-SS,35.189469462352065
2017-12-09 12:00:00,Noise-SS,34.424544321103696
2017-12-09 13:00:00,Noise-SS,34.878629076250675
2017-12-09 14:00:00,Noise-SS,36.320950348402974
2017-12-09 15:00:00,Noise-SS,34.37091807825115
2017-12-09 16:00:00,Noise-SS,32.47830828256406
2017-12-09 17:00:00,Noise-SS,33.58798334585376
2017-12-09 18:00:00,Noise-SS,35.028161449403136
2017-12-09 19:00:00,Noise-SS,35.90867929498272
2017-12-09 20:00:00,Noise-SS,34.18285272964606
2017-12-09 21:00:00,Noise-SS,33.40738390646763
2017-12-09 22:00:00,Noise-SS,34.20444501873166
2017-12-09 23:00:00,Noise-SS,35.419047159906896
2017-12-10 00:00:00,Noise-SS,35.67390805924682
2017-12-10 01:00:00,Noise-SS,36.84519246976064
2017-12-10 02:00:00,Noise-SS,35.01534686233235
2017-12-10 03:00:00,Noise-SS,33.591816923596326
2017-12-10 04:00:00,Noise-SS,33.24089206789752
2017-12-10 05:00:00,Noise-SS,34.52450250400831
2017-12-10 06:00:00,Noise-SS,35.05125432725338
2017-12-10 07:00:00,Noise-SS,34.68644783633469
2017-12-10 08:00:00,Noise-SS,36.13326540142953
2017-12-10 09:00:00,Noise-SS,36.75515124799047
2017-12-10 10:00:00,Noise-SS,37.92975662295366
2017-12-10 11:00:00,Noise-SS,38.14480671371593
2017-12-10 12:00:00,Noise-SS,37.91667066477717
2017-12-10 13:00:00,Noise-SS,36.922642233752896
2017-12-10 14:00:00,Noise-SS,36.03796830194322
2017-12-10 15:00:00,Noise-SS,34.699194681924126
2017-12-10 16:00:00,Noise-SS,35.66816528279826
2017-12-10 17:00:00,Noise-SS,36.94299155593107
2017-12-10 18:00:00,Noise-SS,37.24147910392845
2017-12-10 19:00:00,Noise-SS,38.34595472461429
2017-12-10 20:00:00,Noise-SS,39.90335643649032
2017-12-10 21:00:00,Noise-SS,38.8601883983662
2017-12-10 22:00:00,Noise-SS,39.02156125927448
2017-12-10 23:00:00,Noise-SS,40.91789504656507
2017-12-11 00:00:00,Noise-SS,36.430608022230174
2017-12-11 01:00:00,Noise-SS,36.19921687508065
2017-12-11 02:00:00,Noise-SS,37.40252378706113
2017-12-11 03:00:00,Noise-SS,34.59006897978938
2017-12-11 04:00:00,Noise-SS,31.88807257149644
2017-12-11 05:00:00,Noise-SS,35.69875197134894
2017-12-11 06:00:00,Noise-SS,40.560860789772775
2017-12-11 07:00:00,Noise-SS,42.420284231231335
2017-12-11 08:00:00,Noise-SS,56.74594867135682
2017-12-11 09:00:00,Noise-SS,61.25385132146427
2017-12-11 10:00:00,Noise-SS,53.06354670631132
2017-12-11 11:00:00,Noise-SS,63.23935583278605
2017-12-11 12:00:00,Noise-SS,47.86551405267535
2017-12-11 13:00:00,Noise-SS,67.09373098647161
2017-12-11 14:00:00,Noise-SS,42.001484402198635
2017-12-11 15:00:00,Noise-SS,46.936312127476086
2017-12-11 16:00:00,Noise-SS,39.15489944437964
2017-12-11 17:00:00,Noise-SS,42.96082384452922
2017-12-11 18:00:00,Noise-SS,45.49898147171306
2017-12-11 19:00:00,Noise-SS,41.846342028493964
2017-12-11 20:00:00,Noise-SS,38.792911830790935
2017-12-11 21:00:00,Noise-SS,35.91464051492656
2017-12-11 22:00:00,Noise-SS,30.62646244902447
2017-12-11 23:00:00,Noise-SS,30.567502727865488
2017-12-12 00:00:00,Noise-SS,30.0
2017-12-12 01:00:00,Noise-SS,30.0
2017-12-12 02:00:00,Noise-SS,30.0
2017-12-12 03:00:00,Noise-SS,30.0
2017-12-12 04:00:00,Noise-SS,31.693877068669305
2017-12-12 05:00:00,Noise-SS,33.517017691029615
2017-12-12 06:00:00,Noise-SS,37.63401441517625
2017-12-12 07:00:00,Noise-SS,43.05479704657231
2017-12-12 08:00:00,Noise-SS,60.01365688038486
2017-12-12 09:00:00,Noise-SS,47.514432380118464
2017-12-12 10:00:00,Noise-SS,69.5953943475454
2017-12-12 11:00:00,Noise-SS,63.629459491246884
2017-12-12 12:00:00,Noise-SS,65.25182479418723
2017-12-12 13:00:00,Noise-SS,62.20837488508681
2017-12-12 14:00:00,Noise-SS,42.75503169677142
2017-12-12 15:00:00,Noise-SS,41.14623865014598
2017-12-12 16:00:00,Noise-SS,31.32892462675294
2017-12-12 17:00:00,Noise-SS,33.22046297989378
2017-12-12 18:00:00,Noise-SS,30.061548664287
2017-12-12 19:00:00,Noise-SS,30.0
2017-12-12 20:00:00,Noise-SS,30.322990663528515
2017-12-12 21:00:00,Noise-SS,30.0
2017-12-12 22:00:00,Noise-SS,30.0
2017-12-12 23:00:00,Noise-SS,30.0
2017-12-13 00:00:00,Noise-SS,30.503027300271835
2017-12-13 01:00:00,Noise-SS,30.0
2017-12-13 02:00:00,Noise-SS,30.0
2017-12-13 03:00:00,Noise-SS,30.0
2017-12-13 04:00:00,Noise-SS,30.0
2017-12-13 05:00:00,Noise-SS,34.90471014190531
2017-12-13 06:00:00,Noise-SS,37.349012067629374
2017-12-13 07:00:00,Noise-SS,57.28957884479625
2017-12-13 08:00:00,Noise-SS,66.48459695371807
2017-12-13 09:00:00,Noise-SS,65.3694477633282
2017-12-13 10:00:00,Noise-SS,52.58463451260635
2017-12-13 11:00:00,Noise-SS,49.62807840094561
2017-12-13 12:00:00,Noise-SS,46.3247533160615
2017-12-13 13:00:00,Noise-SS,55.04448097388792
2017-12-13 14:00:00,Noise-SS,49.57273706538353
2017-12-13 15:00:00,Noise-SS,39.15707464637007
2017-12-13 16:00:00,Noise-SS,41.85551981238572
2017-12-13 17:00:00,Noise-SS,43.028394032771075
2017-12-13 18:00:00,Noise-SS,39.65574923086771
2017-12-13 19:00:00,Noise-SS,40.93053366712894
2017-12-13 20:00:00,Noise-SS,39.34665458697931
2017-12-13 21:00:00,Noise-SS,39.1032767401461
2017-12-13 22:00:00,Noise-SS,38.15668333059866
2017-12-13 23:00:00,Noise-SS,36.65237107327038
2017-12-14 00:00:00,Noise-SS,32.109985956639264
2017-12-14 01:00:00,Noise-SS,30.364509460040033
2017-12-14 02:00:00,Noise-SS,30.0
2017-12-14 03:00:00,Noise-SS,30.0
2017-12-14 04:00:00,Noise-SS,30.0
2017-12-14 05:00:00,Noise-SS,32.19944841380369
2017-12-14 06:00:00,Noise-SS,57.41835592786879
2017-12-14 07:00:00,Noise-SS,47.19833548472491
2017-12-14 08:00:00,Noise-SS,55.733200055394185
2017-12-14 09:00:00,Noise-SS,41.3656730770322
2017-12-14 10:00:00,Noise-SS,54.63381111137694
2017-12-14 11:00:00,Noise-SS,35.598613415338946
2017-12-14 12:00:00,Noise-SS,32.51020281772622
2017-12-14 13:00:00,Noise-SS,52.19763341390072
2017-12-14 14:00:00,Noise-SS,39.8329625000066
2017-12-14 15:00:00,Noise-SS,33.23518153416814
2017-12-14 16:00:00,Noise-SS,35.01157633123955
2017-12-14 17:00:00,Noise-SS,36.45880614992217
2017-12-14 18:00:00,Noise-SS,36.450346613073606
2017-12-14 19:00:00,Noise-SS,34.160867693691934
2017-12-14 20:00:00,Noise-SS,30.767728552578976
2017-12-14 21:00:00,Noise-SS,30.0
2017-12-14 22:00:00,Noise-SS,30.0
2017-12-14 23:00:00,Noise-SS,30.0
2017-12-15 00:00:00,Noise-SS,31.271595720413593
2017-12-15 01:00:00,Noise-SS,33.96572313437896
2017-12-15 02:00:00,Noise-SS,33.55228029390799
2017-12-15 03:00:00,Noise-SS,30.190373615951554
2017-12-15 04:00:00,Noise-SS,30.0
2017-12-15 05:00:00,Noise-SS,34.82848976091719
2017-12-15 06:00:00,Noise-SS,37.06027721875737
2017-12-15 07:00:00,Noise-SS,53.13625967788076
2017-12-15 08:00:00,Noise-SS,66.99871789033695
2017-12-15 09:00:00,Noise-SS,58.22947134908208
2017-12-15 10:00:00,Noise-SS,68.46712834699164
2017-12-15 11:00:00,Noise-SS,65.38534766741496
2017-12-15 12:00:00,Noise-SS,59.92412364135932
2017-12-15 13:00:00,Noise-SS,70.74316006423427
2017-12-15 14:00:00,Noise-SS,62.805196207691374
2017-12-15 15:00:00,Noise-SS,48.675232816431446
2017-12-15 16:00:00,Noise-SS,51.43580958613887
2017-12-15 17:00:00,Noise-SS,55.04870134795261
2017-12-15 18:00:00,Noise-SS,51.020410380068775
2017-12-15 19:00:00,Noise-SS,56.146421340424084
2017-12-15 20:00:00,Noise-SS,54.66286548350232
2017-12-15 21:00:00,Noise-SS,49.379147206291194
2017-12-15 22:00:00,Noise-SS,47.95699764591508
2017-12-15 23:00:00,Noise-SS,44.0521158271646
2017-12-16 00:00:00,Noise-SS,37.05306745654025
2017-12-16 01:00:00,Noise-SS,37.85976115712797
2017-12-16 02:00:00,Noise-SS,37.3667119277607
2017-12-16 03:00:00,Noise-SS,38.823304505266755
2017-12-16 04:00:00,Noise-SS,40.24161134623118
2017-12-16 05:00:00,Noise-SS,38.705097953631636
2017-12-16 06:00:00,Noise-SS,38.50027865004165
2017-12-16 07:00:00,Noise-SS,37.96512813278263
2017-12-16 08:00:00,Noise-SS,36.45458993260578
2017-12-16 09:00:00,Noise-SS,36.74276194397948
2017-12-16 10:00:00,Noise-SS,38.0240915073523
2017-12-16 11:00:00,Noise-SS,37.32172496798231
2017-12-16 12:00:00,Noise-SS,37.98754939757434
2017-12-16 13:00:00,Noise-SS,37.714350582608795
2017-12-16 14:00:00,Noise-SS,35.918931925714304
2017-12-16 15:00:00,Noise-SS,37.32791752326076
2017-12-16 16:00:00,Noise-SS,38.78319683647516
2017-12-16 17:00:00,Noise-SS,40.50968891481507
2017-12-16 18:00:00,Noise-SS,41.988124547700345
2017-12-16 19:00:00,Noise-SS,43.21250213800367
2017-12-16 20:00:00,Noise-SS,45.00833304877121
2017-12-16 21:00:00,Noise-SS,43.06500323910676
2017-12-16 22:00:00,Noise-SS,44.885186248922565
2017-12-16 23:00:00,Noise-SS,44.52148180607451
2017-12-17 00:00:00,Noise-SS,33.10393736858158
2017-12-17 01:00:00,Noise-SS,33.807376694513486
2017-12-17 02:00:00,Noise-SS,34.06369130631496
2017-12-17 03:00:00,Noise-SS,32.152622605359795
2017-12-17 04:00:00,Noise-SS,32.88899970186617
2017-12-17 05:00:00,Noise-SS,34.62298156006084
2017-12-17 06:00:00,Noise-SS,36.00322781303759
2017-12-17 07:00:00,Noise-SS,35.83046840586725
2017-12-17 08:00:00,Noise-SS,35.82671280357535
2017-12-17 09:00:00,Noise-SS,34.56532531335569
2017-12-17 10:00:00,Noise-SS,34.53798183496994
2017-12-17 11:00:00,Noise-SS,33.56887715411276
2017-12-17 12:00:00,Noise-SS,31.567469283179054
2017-12-17 13:00:00,Noise-SS,32.96392141322668
2017-12-17 14:00:00,Noise-SS,32.23706068946858
2017-12-17 15:00:00,Noise-SS,31.358176626033067
2017-12-17 16:00:00,Noise-SS,30.893313320798136
2017-12-17 17:00:00,Noise-SS,30.0
2017-12-17 18:00:00,Noise-SS,30.791655790590383
2017-12-17 19:00:00,Noise-SS,30.0
2017-12-17 20:00:00,Noise-SS,30.75163624488033
2017-12-17 21:00:00,Noise-SS,32.43937752522215
2017-12-17 22:00:00,Noise-SS,31.98280510633689
2017-12-17 23:00:00,Noise-SS,31.519959552780282
2017-12-18 00:00:00,Noise-SS,32.96775365501949
2017-12-18 01:00:00,Noise-SS,30.0
2017-12-18 02:00:00,Noise-SS,30.0
2017-12-18 03:00:00,Noise-SS,30.0
2017-12-18 04:00:00,Noise-SS,31.65306742772778
2017-12-18 05:00:00,Noise-SS,37.08485909918522
2017-12-18 06:00:00,Noise-SS,35.9720600564058
2017-12-18 07:00:00,Noise-SS,37.34705447940809
2017-12-18 08:00:00,Noise-SS,49.71983720344324
2017-12-18 09:00:00,Noise-SS,51.06419061520165
2017-12-18 10:00:00,Noise-SS,45.56036670114151
2017-12-18 11:00:00,Noise-SS,54.79767303026178
2017-12-18 12:00:00,Noise-SS,43.65098670770572
2017-12-18 13:00:00,Noise-SS,64.09938822744975
2017-12-18 14:00:00,Noise-SS,41.819731358965626
2017-12-18 15:00:00,Noise-SS,44.55308484337431
2017-12-18 16:00:00,Noise-SS,37.153076570742954
2017-12-18 17:00:00,Noise-SS,41.84594673694933
2017-12-18 18:00:00,Noise-SS,36.63836792167502
2017-12-18 19:00:00,Noise-SS,33.31429196635682
2017-12-18 20:00:00,Noise-SS,30.0
2017-12-18 21:00:00,Noise-SS,30.0
2017-12-18 22:00:00,Noise-SS,32.07189102146367
2017-12-18 23:00:00,Noise-SS,37.197224468787795
2017-12-19 00:00:00,Noise-SS,30.0
2017-12-19 01:00:00,Noise-SS,35.13674526146638
2017-12-19 02:00:00,Noise-SS,34.574903817373716
2017-12-19 03:00:00,Noise-SS,32.846687741398505
2017-12-19 04:00:00,Noise-SS,30.0
2017-12-19 05:00:00,Noise-SS,34.24059626150861
2017-12-19 06:00:00,Noise-SS,38.17312322058846
2017-12-19 07:00:00,Noise-SS,41.956339238884674
2017-12-19 08:00:00,Noise-SS,64.46228273144374
2017-12-19 09:00:00,Noise-SS,51.08384672200752
2017-12-19 10:00:00,Noise-SS,74.0079266524987
2017-12-19 11:00:00,Noise-SS,63.330545848698556
2017-12-19 12:00:00,Noise-SS,69.23306372473576
2017-12-19 13:00:00,Noise-SS,67.05485232014173
2017-12-19 14:00:00,Noise-SS,47.936274028899554
2017-12-19 15:00:00,Noise-SS,49.77378244534532
2017-12-19 16:00:00,Noise-SS,43.34987654995474
2017-12-19 17:00:00,Noise-SS,37.79537281711604
2017-12-19 18:00:00,Noise-SS,32.64581470899944
2017-12-19 19:00:00,Noise-SS,31.927813365947365
2017-12-19 20:00:00,Noise-SS,30.0
2017-12-19 21:00:00,Noise-SS,30.0
2017-12-19 22:00:00,Noise-SS,30.0
2017-12-19 23:00:00,Noise-SS,30.0
2017-12-20 00:00:00,Noise-SS,34.22143341083371
2017-12-20 01:00:00,Noise-SS,30.0
2017-12-20 02:00:00,Noise-SS,30.0
2017-12-20 03:00:00,Noise-SS,30.0
2017-12-20 04:00:00,Noise-SS,34.037888468914645
2017-12-20 05:00:00,Noise-SS,37.10191907968199
2017-12-20 06:00:00,Noise-SS,38.59692969321836
2017-12-20 07:00:00,Noise-SS,58.79007432259783
2017-12-20 08:00:00,Noise-SS,72.50338589542362
2017-12-20 09:00:00,Noise-SS,71.4378258740714
2017-12-20 10:00:00,Noise-SS,57.074036480360505
2017-12-20 11:00:00,Noise-SS,51.903465581518475
2017-12-20 12:00:00,Noise-SS,47.770231228832266
2017-12-20 13:00:00,Noise-SS,50.90303294288274
2017-12-20 14:00:00,Noise-SS,45.829434306405346
2017-12-20 15:00:00,Noise-SS,33.14797944220253
2017-12-20 16:00:00,Noise-SS,33.3008220147771
2017-12-20 17:00:00,Noise-SS,35.14502052070492
2017-12-20 18:00:00,Noise-SS,31.479525329279227
2017-12-20 19:00:00,Noise-SS,30.0
2017-12-20 20:00:00,Noise-SS,30.6132402804581
2017-12-20 21:00:00,Noise-SS,30.0
2017-12-20 22:00:00,Noise-SS,30.0
2017-12-20 23:00:00,Noise-SS,30.0
2017-12-21 00:00:00,Noise-SS,35.12295470030726
2017-12-21 01:00:00,Noise-SS,33.792354591585415
2017-12-21 02:00:00,Noise-SS,30.0
2017-12-21 03:00:00,Noise-SS,32.42525356797597
2017-12-21 04:00:00,Noise-SS,30.0
2017-12-21 05:00:00,Noise-SS,31.89721046364956
2017-12-21 06:00:00,Noise-SS,55.801585786264106
2017-12-21 07:00:00,Noise-SS,42.276864726579134
2017-12-21 08:00:00,Noise-SS,49.4648510720626
2017-12-21 09:00:00,Noise-SS,38.703058988359835
2017-12-21 10:00:00,Noise-SS,54.08712929569523
2017-12-21 11:00:00,Noise-SS,36.773853187242736
2017-12-21 12:00:00,Noise-SS,31.586294745819373
2017-12-21 13:00:00,Noise-SS,52.86275190533995
2017-12-21 14:00:00,Noise-SS,39.8329625000066
2017-12-21 15:00:00,Noise-SS,33.85352833298023
2017-12-21 16:00:00,Noise-SS,37.18416530953207
2017-12-21 17:00:00,Noise-SS,40.15964309414286
2017-12-21 18:00:00,Noise-SS,35.69705886546438
2017-12-21 19:00:00,Noise-SS,34.34696055587328
2017-12-21 20:00:00,Noise-SS,38.19388647234306
2017-12-21 21:00:00,Noise-SS,37.26992227567375
2017-12-21 22:00:00,Noise-SS,34.55594689053815
2017-12-21 23:00:00,Noise-SS,33.491462415291096
2017-12-22 00:00:00,Noise-SS,40.19398719607049
2017-12-22 01:00:00,Noise-SS,37.156909891230576
2017-12-22 02:00:00,Noise-SS,35.44971028494578
2017-12-22 03:00:00,Noise-SS,35.339391686676294
2017-12-22 04:00:00,Noise-SS,33.49684942862967
2017-12-22 05:00:00,Noise-SS,35.90888699839378
2017-12-22 06:00:00,Noise-SS,40.560647824114625
2017-12-22 07:00:00,Noise-SS,53.00809297191757
2017-12-22 08:00:00,Noise-SS,65.84989746814455
2017-12-22 09:00:00,Noise-SS,52.042894877378735
2017-12-22 10:00:00,Noise-SS,56.400586346382
2017-12-22 11:00:00,Noise-SS,46.453460892582804
2017-12-22 12:00:00,Noise-SS,41.09670967006022
2017-12-22 13:00:00,Noise-SS,50.324157255313
2017-12-22 14:00:00,Noise-SS,47.43580797116234
2017-12-22 15:00:00,Noise-SS,34.62741933281721
2017-12-22 16:00:00,Noise-SS,37.498659578230715
2017-12-22 17:00:00,Noise-SS,40.64796251871483
2017-12-22 18:00:00,Noise-SS,37.984773884188186
2017-12-22 19:00:00,Noise-SS,32.69797337372039
2017-12-22 20:00:00,Noise-SS,32.346925253573794
2017-12-22 21:00:00,Noise-SS,30.0
2017-12-22 22:00:00,Noise-SS,30.0
2017-12-22 23:00:00,Noise-SS,32.46835826640531
2017-12-23 00:00:00,Noise-SS,34.89016638235966
2017-12-23 01:00:00,Noise-SS,33.16845792772298
2017-12-23 02:00:00,Noise-SS,31.47509213849624
2017-12-23 03:00:00,Noise-SS,33.01554962535853
2017-12-23 04:00:00,Noise-SS,31.190834458406133
2017-12-23 05:00:00,Noise-SS,30.0
2017-12-23 06:00:00,Noise-SS,30.0
2017-12-23 07:00:00,Noise-SS,30.0
2017-12-23 08:00:00,Noise-SS,30.0
2017-12-23 09:00:00,Noise-SS,30.31283938308859
2017-12-23 10:00:00,Noise-SS,31.353444303958142
2017-12-23 11:00:00,Noise-SS,32.36406983295198
2017-12-23 12:00:00,Noise-SS,32.74645615627505
2017-12-23 13:00:00,Noise-SS,34.79437037325338
2017-12-23 14:00:00,Noise-SS,33.479626250029
2017-12-23 15:00:00,Noise-SS,31.991946145709054
2017-12-23 16:00:00,Noise-SS,31.769197455237098
2017-12-23 17:00:00,Noise-SS,30.866729580475177
2017-12-23 18:00:00,Noise-SS,31.90746191872976
2017-12-23 19:00:00,Noise-SS,30.44875360773366
2017-12-23 20:00:00,Noise-SS,30.0
2017-12-23 21:00:00,Noise-SS,30.0
2017-12-23 22:00:00,Noise-SS,32.067478269973535
2017-12-23 23:00:00,Noise-SS,33.167885553404346
2017-12-24 00:00:00,Noise-SS,36.15328359245105
2017-12-24 01:00:00,Noise-SS,34.78861465097632
2017-12-24 02:00:00,Noise-SS,33.33085140938531
2017-12-24 03:00:00,Noise-SS,31.763677352073096
2017-12-24 04:00:00,Noise-SS,33.37614025089391
2017-12-24 05:00:00,Noise-SS,32.788494990573014
2017-12-24 06:00:00,Noise-SS,32.08027532155274
2017-12-24 07:00:00,Noise-SS,32.466831350550876
2017-12-24 08:00:00,Noise-SS,33.45996096594097
2017-12-24 09:00:00,Noise-SS,34.05151707196576
2017-12-24 10:00:00,Noise-SS,32.65537050804319
2017-12-24 11:00:00,Noise-SS,32.194008185844126
2017-12-24 12:00:00,Noise-SS,30.531548899980233
2017-12-24 13:00:00,Noise-SS,30.0
2017-12-24 14:00:00,Noise-SS,31.438778558397978
2017-12-24 15:00:00,Noise-SS,32.41534160176428
2017-12-24 16:00:00,Noise-SS,33.25162758433203
2017-12-24 17:00:00,Noise-SS,33.59701173153061
2017-12-24 18:00:00,Noise-SS,33.568134835534735
2017-12-24 19:00:00,Noise-SS,32.15849988785383
2017-12-24 20:00:00,Noise-SS,32.24052689096052
2017-12-24 21:00:00,Noise-SS,31.638412876360466
2017-12-24 22:00:00,Noise-SS,31.67176368529361
2017-12-24 23:00:00,Noise-SS,30.450639006898584
2017-12-25 00:00:00,Noise-SS,33.075600316582126
2017-12-25 01:00:00,Noise-SS,35.107389638271954
2017-12-25 02:00:00,Noise-SS,35.14238900631612
2017-12-25 03:00:00,Noise-SS,34.46288624255306
2017-12-25 04:00:00,Noise-SS,30.0
2017-12-25 05:00:00,Noise-SS,34.31441242068081
2017-12-25 06:00:00,Noise-SS,32.8565196674187
2017-12-25 07:00:00,Noise-SS,35.117379567858144
2017-12-25 08:00:00,Noise-SS,46.69531631491859
2017-12-25 09:00:00,Noise-SS,47.7162514047716
2017-12-25 10:00:00,Noise-SS,46.09927992674784
2017-12-25 11:00:00,Noise-SS,55.83300799092417
2017-12-25 12:00:00,Noise-SS,40.3998726666241
2017-12-25 13:00:00,Noise-SS,61.182165372588926
2017-12-25 14:00:00,Noise-SS,38.467852413582996
2017-12-25 15:00:00,Noise-SS,45.05921642167966
2017-12-25 16:00:00,Noise-SS,35.28516281337258
2017-12-25 17:00:00,Noise-SS,36.403717867775
2017-12-25 18:00:00,Noise-SS,31.04062024512715
2017-12-25 19:00:00,Noise-SS,30.0
2017-12-25 20:00:00,Noise-SS,30.0
2017-12-25 21:00:00,Noise-SS,32.749777932669026
2017-12-25 22:00:00,Noise-SS,32.26187280514158
2017-12-25 23:00:00,Noise-SS,32.54813526731804
2017-12-26 00:00:00,Noise-SS,32.06538892796008
2017-12-26 01:00:00,Noise-SS,30.0
2017-12-26 02:00:00,Noise-SS,30.0
2017-12-26 03:00:00,Noise-SS,30.0
2017-12-26 04:00:00,Noise-SS,35.083839868535094
2017-12-26 05:00:00,Noise-SS,36.01796975145426
2017-12-26 06:00:00,Noise-SS,37.19919557012829
2017-12-26 07:00:00,Noise-SS,37.408007182021706
2017-12-26 08:00:00,Noise-SS,56.62020691752871
2017-12-26 09:00:00,Noise-SS,44.35498458042546
2017-12-26 10:00:00,Noise-SS,69.94150630891276
2017-12-26 11:00:00,Noise-SS,66.15838578304687
2017-12-26 12:00:00,Noise-SS,70.97680533920706
2017-12-26 13:00:00,Noise-SS,70.86056614404004
2017-12-26 14:00:00,Noise-SS,50.46796163734354
2017-12-26 15:00:00,Noise-SS,52.91185029725137
2017-12-26 16:00:00,Noise-SS,47.684124898683464
2017-12-26 17:00:00,Noise-SS,52.513014233696055
2017-12-26 18:00:00,Noise-SS,46.95067445371472
2017-12-26 19:00:00,Noise-SS,41.98906131278751
2017-12-26 20:00:00,Noise-SS,46.86332090987563
2017-12-26 21:00:00,Noise-SS,43.40366694422483
2017-12-26 22:00:00,Noise-SS,37.97284645973222
2017-12-26 23:00:00,Noise-SS,37.91327481110194
2017-12-27 00:00:00,Noise-SS,33.58763592322407
2017-12-27 01:00:00,Noise-SS,33.06466079770359
2017-12-27 02:00:00,Noise-SS,30.0
2017-12-27 03:00:00,Noise-SS,30.37501276779792
2017-12-27 04:00:00,Noise-SS,32.04903701295653
2017-12-27 05:00:00,Noise-SS,32.56061207224379
2017-12-27 06:00:00,Noise-SS,32.73358818090873
2017-12-27 07:00:00,Noise-SS,51.81614513156176
2017-12-27 08:00:00,Noise-SS,55.38197358377296
2017-12-27 09:00:00,Noise-SS,54.161344615131156
2017-12-27 10:00:00,Noise-SS,40.937439908837774
2017-12-27 11:00:00,Noise-SS,40.584811250854656
2017-12-27 12:00:00,Noise-SS,41.5914771465324
2017-12-27 13:00:00,Noise-SS,49.6326767190822
2017-12-27 14:00:00,Noise-SS,42.73017156369111
2017-12-27 15:00:00,Noise-SS,34.03588619505839
2017-12-27 16:00:00,Noise-SS,34.712833586572486
2017-12-27 17:00:00,Noise-SS,35.54285389176114
2017-12-27 18:00:00,Noise-SS,33.7769781706062
2017-12-27 19:00:00,Noise-SS,31.575418828464006
2017-12-27 20:00:00,Noise-SS,30.0
2017-12-27 21:00:00,Noise-SS,30.0
2017-12-27 22:00:00,Noise-SS,34.4482375266945
2017-12-27 23:00:00,Noise-SS,31.891325402594724
2017-12-28 00:00:00,Noise-SS,33.76964033565802
2017-12-28 01:00:00,Noise-SS,30.0
2017-12-28 02:00:00,Noise-SS,30.0
2017-12-28 03:00:00,Noise-SS,30.0
2017-12-28 04:00:00,Noise-SS,34.0491135302059
2017-12-28 05:00:00,Noise-SS,34.9668825094166
2017-12-28 06:00:00,Noise-SS,58.34095194484363
2017-12-28 07:00:00,Noise-SS,48.24080966527726
2017-12-28 08:00:00,Noise-SS,57.22517067694347
2017-12-28 09:00:00,Noise-SS,41.370260462293906
2017-12-28 10:00:00,Noise-SS,55.002284549782374
2017-12-28 11:00:00,Noise-SS,39.70875858427793
2017-12-28 12:00:00,Noise-SS,34.57953524458504
2017-12-28 13:00:00,Noise-SS,54.35574802070315
2017-12-28 14:00:00,Noise-SS,47.60605831217724
2017-12-28 15:00:00,Noise-SS,42.98544804352343
2017-12-28 16:00:00,Noise-SS,46.85173270942633
2017-12-28 17:00:00,Noise-SS,50.12711070866226
2017-12-28 18:00:00,Noise-SS,54.75723005589413
2017-12-28 19:00:00,Noise-SS,51.30099304409606
2017-12-28 20:00:00,Noise-SS,48.48896925807695
2017-12-28 21:00:00,Noise-SS,46.49613619458303
2017-12-28 22:00:00,Noise-SS,41.50441025106548
2017-12-28 23:00:00,Noise-SS,37.159248116528246
2017-12-29 00:00:00,Noise-SS,38.201501367291954
2017-12-29 01:00:00,Noise-SS,37.88239084880104
2017-12-29 02:00:00,Noise-SS,36.40769347371561
2017-12-29 03:00:00,Noise-SS,38.634757813578034
2017-12-29 04:00:00,Noise-SS,41.92541351216703
2017-12-29 05:00:00,Noise-SS,42.45601862081455
2017-12-29 06:00:00,Noise-SS,43.3467300308718
2017-12-29 07:00:00,Noise-SS,59.15894240252064
2017-12-29 08:00:00,Noise-SS,69.95470182939391
2017-12-29 09:00:00,Noise-SS,62.21748501864504
2017-12-29 10:00:00,Noise-SS,67.85740588514132
2017-12-29 11:00:00,Noise-SS,60.20132871171195
2017-12-29 12:00:00,Noise-SS,47.072623888432084
2017-12-29 13:00:00,Noise-SS,58.383897385112704
2017-12-29 14:00:00,Noise-SS,55.18955607053942
2017-12-29 15:00:00,Noise-SS,40.39648300065761
2017-12-29 16:00:00,Noise-SS,42.397192310369206
2017-12-29 17:00:00,Noise-SS,44.78996058599077
2017-12-29 18:00:00,Noise-SS,42.469248539398386
2017-12-29 19:00:00,Noise-SS,38.91436801729364
2017-12-29 20:00:00,Noise-SS,37.25800663400482
2017-12-29 21:00:00,Noise-SS,37.32679136476216
2017-12-29 22:00:00,Noise-SS,42.310951883700575
2017-12-29 23:00:00,Noise-SS,39.83784740721625
2017-12-30 00:00:00,Noise-SS,36.4437987579666
2017-12-30 01:00:00,Noise-SS,37.085807846061705
2017-12-30 02:00:00,Noise-SS,36.63409231919
2017-12-30 03:00:00,Noise-SS,35.041611991141025
2017-12-30 04:00:00,Noise-SS,36.261268446055425
2017-12-30 05:00:00,Noise-SS,37.18180340645422
2017-12-30 06:00:00,Noise-SS,37.721261030851046
2017-12-30 07:00:00,Noise-SS,38.977398803849965
2017-12-30 08:00:00,Noise-SS,40.9857343428722
2017-12-30 09:00:00,Noise-SS,40.05835700040357
2017-12-30 10:00:00,Noise-SS,41.34279170512404
2017-12-30 11:00:00,Noise-SS,40.6711596532335
2017-12-30 12:00:00,Noise-SS,39.55130611930191
2017-12-30 13:00:00,Noise-SS,40.05530284860769
2017-12-30 14:00:00,Noise-SS,39.238169408594786
2017-12-30 15:00:00,Noise-SS,39.88511776700145
2017-12-30 16:00:00,Noise-SS,38.68972358342913
2017-12-30 17:00:00,Noise-SS,39.603151650434526
2017-12-30 18:00:00,Noise-SS,38.63169817118484
2017-12-30 19:00:00,Noise-SS,40.395029413150226
2017-12-30 20:00:00,Noise-SS,41.334405917878485
2017-12-30 21:00:00,Noise-SS,43.14603051751244
2017-12-30 22:00:00,Noise-SS,43.05322619403759
2017-12-30 23:00:00,Noise-SS,41.95943068847769
2017-12-31 00:00:00,Noise-SS,33.00512437002249
2017-12-31 01:00:00,Noise-SS,34.63740226885379
2017-12-31 02:00:00,Noise-SS,35.746911270020526
2017-12-31 03:00:00,Noise-SS,34.416974961263655
2017-12-31 04:00:00,Noise-SS,35.795274506731964
2017-12-31 05:00:00,Noise-SS,34.88834330968058
2017-12-31 06:00:00,Noise-SS,33.76278668483517
2017-12-31 07:00:00,Noise-SS,32.782101034466535
2017-12-31 08:00:00,Noise-SS,31.048101327648748
2017-12-31 09:00:00,Noise-SS,30.446523454706583
2017-12-31 10:00:00,Noise-SS,30.558052902757346
2017-12-31 11:00:00,Noise-SS,30.0
2017-12-31 12:00:00,Noise-SS,30.0
2017-12-31 13:00:00,Noise-SS,30.0
2017-12-31 14:00:00,Noise-SS,30.0
2017-12-31 15:00:00,Noise-SS,30.115374710939328
2017-12-31 16:00:00,Noise-SS,30.0
2017-12-31 17:00:00,Noise-SS,30.517680237434888
2017-12-31 18:00:00,Noise-SS,31.582571759405493
2017-12-31 19:00:00,Noise-SS,30.933644245460417
2017-12-31 20:00:00,Noise-SS,30.974985619795678
2017-12-31 21:00:00,Noise-SS,32.6131926331463
2017-12-31 22:00:00,Noise-SS,33.540229580453634
2017-12-31 23:00:00,Noise-SS,31.978118274665203
2018-01-01 00:00:00,Noise-SS,32.47271423401689
