TS	Name	Direction	Speed
2017-10-23T01:00:00	Wind	7.359510952452297	16.016647495883884
2017-10-23T02:00:00	Wind	359.5673332108607	14.225127274213438
2017-10-23T03:00:00	Wind	359.18439808280937	18.9938809338998
2017-10-23T04:00:00	Wind	2.3160776669249117	16.785682755742254
2017-10-23T05:00:00	Wind	5.614741715491903	15.561255731180637
2017-10-23T06:00:00	Wind	8.665886764854008	12.92426105705848
2017-10-23T07:00:00	Wind	6.638735874048848	16.955674046989913
2017-10-23T08:00:00	Wind	10.692325547200142	13.466794876737069
2017-10-23T09:00:00	Wind	8.055175388880002	16.39175607978841
2017-10-23T10:00:00	Wind	0.7632192061195724	18.738198082109957
2017-10-23T11:00:00	Wind	355.7094251580122	18.526519950458646
2017-10-23T12:00:00	Wind	353.7101440928084	24.223152224869608
2017-10-23T13:00:00	Wind	0.5672443816131363	24.96613940974703
2017-10-23T14:00:00	Wind	3.4739475905091695	22.077415906789728
2017-10-23T15:00:00	Wind	1.2437373184473017	15.324387804166502
2017-10-23T16:00:00	Wind	350.62409745461537	16.205608484979816
2017-10-23T17:00:00	Wind	9.569145333034044	9.793940489141454
2017-10-23T18:00:00	Wind	9.792885558638261	20.47321791406779
2017-10-23T19:00:00	Wind	359.1609885488828	24.112270346261568
2017-10-23T20:00:00	Wind	356.90089280185055	22.295369538549657
2017-10-23T21:00:00	Wind	355.82312121802204	24.558841488580015
2017-10-23T22:00:00	Wind	357.40546093606076	22.738746049456083
2017-10-23T23:00:00	Wind	1.2968302364240571	23.486228125789342
2017-10-24T00:00:00	Wind	0.8423028475622232	28.22506844793076
2017-10-24T01:00:00	Wind	1.4029978128818357	27.269022707180653
2017-10-24T02:00:00	Wind	359.63528272658493	28.27580033687773
2017-10-24T03:00:00	Wind	355.3798650817963	33.52392167461048
2017-10-24T04:00:00	Wind	2.053458492118125	30.052903697071287
2017-10-24T05:00:00	Wind	3.9004525682159965	22.623245454124998
2017-10-24T06:00:00	Wind	9.192050933443	23.159422859878017
2017-10-24T07:00:00	Wind	6.0196910753863335	19.225234350822628
2017-10-24T08:00:00	Wind	6.2275108711812095	14.067617143961236
2017-10-24T09:00:00	Wind	354.61477903379944	21.731296507129663
2017-10-24T10:00:00	Wind	352.06919747751385	27.543403717199567
2017-10-24T11:00:00	Wind	356.08518987992	28.380425200676836
2017-10-24T12:00:00	Wind	354.8640446330728	26.821984298559528
2017-10-24T13:00:00	Wind	2.678739265943136	28.95593543435018
2017-10-24T14:00:00	Wind	4.666154956532409	29.424695934259024
2017-10-24T15:00:00	Wind	2.4130884931610126	30.64319552016387
2017-10-24T16:00:00	Wind	2.8033476336191256	32.04752438329058
2017-10-24T17:00:00	Wind	0.5860055398032387	23.49206000471527
2017-10-24T18:00:00	Wind	7.413283504754247	23.748668135677462
2017-10-24T19:00:00	Wind	7.583471709727746	23.816144152985398
2017-10-24T20:00:00	Wind	5.3984142895039895	24.67358309739628
2017-10-24T21:00:00	Wind	0.9438231467868832	26.946879614074557
2017-10-24T22:00:00	Wind	2.4638847576418925	37.01350804497599
2017-10-24T23:00:00	Wind	357.62241226010485	30.74951616976689
2017-10-25T00:00:00	Wind	3.1832873010064304	29.12612058582897
2017-10-25T01:00:00	Wind	7.355465809357042	31.24932800271733
2017-10-25T02:00:00	Wind	11.082056985977545	31.94146090784707
2017-10-25T03:00:00	Wind	9.465148650898755	31.845211347486575
2017-10-25T04:00:00	Wind	9.340613863225826	32.11520922186425
2017-10-25T05:00:00	Wind	14.190182255867228	32.78192028914221
2017-10-25T06:00:00	Wind	10.971614857130021	29.55713110713649
2017-10-25T07:00:00	Wind	17.337210470486127	21.015451961735447
2017-10-25T08:00:00	Wind	14.004540604441615	23.69859574244583
2017-10-25T09:00:00	Wind	15.253588798249098	20.7905272265127
2017-10-25T10:00:00	Wind	12.96609468913897	19.703855644631023
2017-10-25T11:00:00	Wind	12.664095872197834	16.293925121927913
2017-10-25T12:00:00	Wind	11.706336934660555	20.1224650044893
2017-10-25T13:00:00	Wind	13.341222193163503	15.564348634868114
2017-10-25T14:00:00	Wind	14.730463748561078	20.384045459460012
2017-10-25T15:00:00	Wind	15.408585045547	25.50194976280522
2017-10-25T16:00:00	Wind	22.152481281342887	27.167194514945958
2017-10-25T17:00:00	Wind	22.24669345218672	25.569827192773378
2017-10-25T18:00:00	Wind	18.729357306671602	31.090042912393283
2017-10-25T19:00:00	Wind	19.275478267036704	27.439175020339103
2017-10-25T20:00:00	Wind	21.51007755484062	22.92304315952883
2017-10-25T21:00:00	Wind	24.496827002279304	18.46156960574799
2017-10-25T22:00:00	Wind	21.296412640932658	13.669380092411346
2017-10-25T23:00:00	Wind	30.122506999358507	19.739681814799464
2017-10-26T00:00:00	Wind	46.02638996458177	17.886872964070697
2017-10-26T01:00:00	Wind	39.36562671702046	16.60565426992861
2017-10-26T02:00:00	Wind	41.07804537887449	13.64453455760736
2017-10-26T03:00:00	Wind	42.46495286470537	8.831277838267972
2017-10-26T04:00:00	Wind	27.575191467200284	13.577405573936144
2017-10-26T05:00:00	Wind	24.87031980090677	13.316132583720595
2017-10-26T06:00:00	Wind	15.273402755004838	11.274955666032763
2017-10-26T07:00:00	Wind	21.21017299277827	8.316248968616605
2017-10-26T08:00:00	Wind	17.311543250091688	13.251566531842975
2017-10-26T09:00:00	Wind	10.44863986489679	12.960407482273126
2017-10-26T10:00:00	Wind	13.08431566268058	16.993619463937815
2017-10-26T11:00:00	Wind	15.608036421463908	24.880710164013525
2017-10-26T12:00:00	Wind	15.988181786995142	25.718707101895703
2017-10-26T13:00:00	Wind	19.659631764920732	21.706645597407423
2017-10-26T14:00:00	Wind	23.72391445667097	21.08498649596705
2017-10-26T15:00:00	Wind	22.948953244077245	20.31499644169386
2017-10-26T16:00:00	Wind	21.74614776080591	21.191945066203395
2017-10-26T17:00:00	Wind	11.952447348325279	23.745025053720347
2017-10-26T18:00:00	Wind	8.886984218059865	23.295001391435477
2017-10-26T19:00:00	Wind	1.4789298701374491	28.9084621967592
2017-10-26T20:00:00	Wind	357.59216884236423	27.87846305037162
2017-10-26T21:00:00	Wind	355.45834933756646	24.49431687139536
2017-10-26T22:00:00	Wind	351.8502677142176	25.32353775290961
2017-10-26T23:00:00	Wind	352.59124486804467	29.454417199842446
2017-10-27T00:00:00	Wind	357.17349646418756	32.288815569460795
2017-10-27T01:00:00	Wind	359.7039365307555	29.860400949578306
2017-10-27T02:00:00	Wind	355.3031945425787	28.89955947306103
2017-10-27T03:00:00	Wind	350.65399820060327	26.615132402821143
2017-10-27T04:00:00	Wind	349.73100620031687	27.66037466150559
2017-10-27T05:00:00	Wind	349.67709323650604	27.78969737297666
2017-10-27T06:00:00	Wind	358.27374820820376	28.30062401857162
2017-10-27T07:00:00	Wind	4.242044162088405	33.323178559747305
2017-10-27T08:00:00	Wind	4.7443799433845015	34.0658638141697
2017-10-27T09:00:00	Wind	6.4299719994203315	38.98948813408447
2017-10-27T10:00:00	Wind	11.371278120203158	39.43840449691491
2017-10-27T11:00:00	Wind	10.919180216202108	34.02317336483167
2017-10-27T12:00:00	Wind	11.115946013750488	37.80551865273064
2017-10-27T13:00:00	Wind	0.7084698481046416	41.11433605290266
2017-10-27T14:00:00	Wind	357.90264297234563	44.095155443525826
2017-10-27T15:00:00	Wind	359.57148813286506	43.986349280715345
2017-10-27T16:00:00	Wind	356.98092862300484	47.39068574364726
2017-10-27T17:00:00	Wind	357.38541218593843	49.12772160159889
2017-10-27T18:00:00	Wind	351.9807371145357	51.9043179165592
2017-10-27T19:00:00	Wind	2.711171437503708	48.12413344267254
2017-10-27T20:00:00	Wind	7.3355764852299785	45.25658044510823
2017-10-27T21:00:00	Wind	355.44616453016613	40.63878676184821
2017-10-27T22:00:00	Wind	351.5188441391241	45.1336207302611
2017-10-27T23:00:00	Wind	348.42969272169535	50.038421576300735
2017-10-28T00:00:00	Wind	354.03553540580026	53.05728926245572
2017-10-28T01:00:00	Wind	3.656015385344972	59.71730615729444
2017-10-28T02:00:00	Wind	2.4363636750395017	66.322073198834
2017-10-28T03:00:00	Wind	3.4201226822604553	70.34950062303619
2017-10-28T04:00:00	Wind	10.795268839862615	71.75722532082452
2017-10-28T05:00:00	Wind	15.175786328710672	66.2246260663559
2017-10-28T06:00:00	Wind	20.82981088564378	60.177810911286706
2017-10-28T07:00:00	Wind	25.49012603612914	58.58964610746125
2017-10-28T08:00:00	Wind	27.134402264822484	55.75030276982819
2017-10-28T09:00:00	Wind	31.251430643445474	64.48406023225316
2017-10-28T10:00:00	Wind	33.357020521707454	66.24546535883687
2017-10-28T11:00:00	Wind	27.223938127854865	65.768025498983
2017-10-28T12:00:00	Wind	33.92746803286059	60.339697633161016
2017-10-28T13:00:00	Wind	35.89657529490751	58.737332272715214
2017-10-28T14:00:00	Wind	30.099093093540716	58.57571000670059
2017-10-28T15:00:00	Wind	26.084919496903126	54.99229978675627
2017-10-28T16:00:00	Wind	29.12619354752053	54.28448763424806
2017-10-28T17:00:00	Wind	29.012946158848536	54.45271756332186
2017-10-28T18:00:00	Wind	33.09844248497859	51.96699002766687
2017-10-28T19:00:00	Wind	41.344565393713026	53.11547762915569
2017-10-28T20:00:00	Wind	47.78558628981392	54.090423835075946
2017-10-28T21:00:00	Wind	53.462683344012646	57.364926798488455
2017-10-28T22:00:00	Wind	65.04098127670483	55.26716876946428
2017-10-28T23:00:00	Wind	60.340445241700934	52.72414950448089
2017-10-29T00:00:00	Wind	67.3968721637313	54.645545054050125
2017-10-29T01:00:00	Wind	68.30887539244304	55.35240527032182
2017-10-29T02:00:00	Wind	67.78682693549268	54.85324257927181
2017-10-29T03:00:00	Wind	70.52999256307913	52.91034526286395
2017-10-29T04:00:00	Wind	83.6096311559458	55.89513351883075
2017-10-29T05:00:00	Wind	86.47859161982757	48.90248367672728
2017-10-29T06:00:00	Wind	86.93418734594843	55.15791370238556
2017-10-29T07:00:00	Wind	88.91302616124699	56.81733110216762
2017-10-29T08:00:00	Wind	92.70192100863358	59.134801623664266
2017-10-29T09:00:00	Wind	93.94862099324308	61.01399391416842
2017-10-29T10:00:00	Wind	87.11137965121509	54.85388655336466
2017-10-29T11:00:00	Wind	89.48821665117595	45.7030724553905
2017-10-29T12:00:00	Wind	93.20237738630584	36.9060463082964
2017-10-29T13:00:00	Wind	99.40911220343668	36.24918067212802
2017-10-29T14:00:00	Wind	109.16420219764183	23.10266378273839
2017-10-29T15:00:00	Wind	117.68979119828032	30.007452914599444
2017-10-29T16:00:00	Wind	110.82317700062629	30.872603388803668
2017-10-29T17:00:00	Wind	105.20996783504103	31.76940773703854
2017-10-29T18:00:00	Wind	109.24031661003033	35.82484147972751
2017-10-29T19:00:00	Wind	103.44030860495872	34.40453629623033
2017-10-29T20:00:00	Wind	109.70814990720118	31.309519236034475
2017-10-29T21:00:00	Wind	113.98818541729202	28.706858771250516
2017-10-29T22:00:00	Wind	121.75038598757345	32.71961372695749
2017-10-29T23:00:00	Wind	124.91737921570092	36.69017832804352
2017-10-30T00:00:00	Wind	121.412193070081	38.38348104915704
2017-10-30T01:00:00	Wind	126.23761278601415	35.56094312063832
2017-10-30T02:00:00	Wind	119.69504014091177	37.44527251826221
2017-10-30T03:00:00	Wind	117.84199008171333	39.18258294459983
2017-10-30T04:00:00	Wind	129.7302842375696	41.1575141754375
2017-10-30T05:00:00	Wind	126.1455250593014	38.436754902238754
2017-10-30T06:00:00	Wind	135.18418014589213	35.99806635264492
2017-10-30T07:00:00	Wind	141.2482248903657	37.82801169648049
2017-10-30T08:00:00	Wind	139.50719641808945	41.492085207766976
2017-10-30T09:00:00	Wind	134.93476780344838	37.5540181616248
2017-10-30T10:00:00	Wind	140.3474043541935	33.87604432440193
2017-10-30T11:00:00	Wind	137.93630362085833	31.945626489983766
2017-10-30T12:00:00	Wind	143.22598215455514	31.069722811998897
2017-10-30T13:00:00	Wind	140.59784736861195	34.31902812536092
2017-10-30T14:00:00	Wind	140.88755938345696	34.273776544321954
2017-10-30T15:00:00	Wind	134.30671762832924	28.724287296410928
2017-10-30T16:00:00	Wind	140.2429058330585	27.207452529193255
2017-10-30T17:00:00	Wind	149.04647983798867	28.284026833584456
2017-10-30T18:00:00	Wind	156.12352640647703	28.230425724779476
2017-10-30T19:00:00	Wind	158.5895114240543	27.691020101465853
2017-10-30T20:00:00	Wind	154.13854528864226	40.876319475976686
2017-10-30T21:00:00	Wind	156.5685333154628	38.6947866762757
2017-10-30T22:00:00	Wind	166.57399679355342	39.24599715842836
2017-10-30T23:00:00	Wind	172.16730704410486	42.574981768791055
2017-10-31T00:00:00	Wind	170.41744640229876	42.61320657303075
2017-10-31T01:00:00	Wind	161.1780694459893	42.49061050302539
2017-10-31T02:00:00	Wind	165.02598578008224	43.58440842822378
2017-10-31T03:00:00	Wind	159.646473414272	49.677336815375234
2017-10-31T04:00:00	Wind	160.30448681073983	46.61030525876713
2017-10-31T05:00:00	Wind	166.28363089559264	44.14980450326302
2017-10-31T06:00:00	Wind	167.08916676017145	44.191008939796845
2017-10-31T07:00:00	Wind	169.29890827944985	43.45959332861951
2017-10-31T08:00:00	Wind	166.57617944216327	45.44002975069456
2017-10-31T09:00:00	Wind	173.06575247473427	46.68894919545373
2017-10-31T10:00:00	Wind	177.02796856356713	54.38096494303945
2017-10-31T11:00:00	Wind	174.23452623921514	57.10033871783094
2017-10-31T12:00:00	Wind	178.31510987880097	52.247393292818174
2017-10-31T13:00:00	Wind	177.07467348930572	57.43093395480994
2017-10-31T14:00:00	Wind	176.09708406607388	54.87026369739041
2017-10-31T15:00:00	Wind	182.56940504799036	49.82828778663813
2017-10-31T16:00:00	Wind	190.2880158443644	57.13697837236021
2017-10-31T17:00:00	Wind	195.14880407280748	50.97831100236592
2017-10-31T18:00:00	Wind	205.24344422241325	43.85090229669922
2017-10-31T19:00:00	Wind	206.11513691615573	41.07579006820298
2017-10-31T20:00:00	Wind	209.02326479453916	45.54691570685483
2017-10-31T21:00:00	Wind	208.14133087103676	47.47397855610752
2017-10-31T22:00:00	Wind	200.13311392867354	47.724011442087445
2017-10-31T23:00:00	Wind	214.4651637886493	44.09811216006723
2017-11-01T00:00:00	Wind	220.50443954050013	43.9390018166853
2017-11-01T01:00:00	Wind	220.90428158350505	39.71336452044857
2017-11-01T02:00:00	Wind	219.28031902298494	35.34138375389822
2017-11-01T03:00:00	Wind	216.072105191658	39.58784965917626
2017-11-01T04:00:00	Wind	221.75230944637246	31.759220831012456
2017-11-01T05:00:00	Wind	213.00695986281437	34.53230266334482
2017-11-01T06:00:00	Wind	216.4141049023391	35.73626682480811
2017-11-01T07:00:00	Wind	218.1794718531853	27.468844467067612
2017-11-01T08:00:00	Wind	219.2128695354396	27.954986442820797
2017-11-01T09:00:00	Wind	218.91414951890124	27.59533829274443
2017-11-01T10:00:00	Wind	211.0299088817078	22.99368204788042
2017-11-01T11:00:00	Wind	207.30409700995517	18.67747157744856
2017-11-01T12:00:00	Wind	203.14837793486765	20.452209322152942
2017-11-01T13:00:00	Wind	199.00447747380645	26.256038890406252
2017-11-01T14:00:00	Wind	194.88868118775974	34.68688270842169
2017-11-01T15:00:00	Wind	191.96664001639522	27.29872724347662
2017-11-01T16:00:00	Wind	194.02723909796748	30.36994043980681
2017-11-01T17:00:00	Wind	198.27561047913764	35.68900767224937
2017-11-01T18:00:00	Wind	193.39915292926105	35.091655688291645
2017-11-01T19:00:00	Wind	183.7261592915412	38.4205349174756
2017-11-01T20:00:00	Wind	186.48056879447074	39.397761511950556
2017-11-01T21:00:00	Wind	184.25515965968225	40.2366637148004
2017-11-01T22:00:00	Wind	179.2083214360714	35.324758099825154
2017-11-01T23:00:00	Wind	187.46684414611912	35.92184708499445
2017-11-02T00:00:00	Wind	183.43137449622486	34.64702199206905
2017-11-02T01:00:00	Wind	180.13072738422795	37.15705854231716
2017-11-02T02:00:00	Wind	188.21209122989058	38.04116591084869
2017-11-02T03:00:00	Wind	193.35205519831868	36.68623350661163
2017-11-02T04:00:00	Wind	197.02293709438288	37.06609130030247
2017-11-02T05:00:00	Wind	198.82160324438985	38.52912972513855
2017-11-02T06:00:00	Wind	202.43266905040946	42.79149861863146
2017-11-02T07:00:00	Wind	211.4840723557645	38.650305238983506
2017-11-02T08:00:00	Wind	211.057070298084	40.61896952502997
2017-11-02T09:00:00	Wind	207.1304034344323	37.697262896913145
2017-11-02T10:00:00	Wind	208.62778814566514	29.361210284858032
2017-11-02T11:00:00	Wind	214.7115359282202	31.924313006730276
2017-11-02T12:00:00	Wind	218.27355603185708	32.53058636163941
2017-11-02T13:00:00	Wind	213.0101308120161	44.13224389740097
2017-11-02T14:00:00	Wind	209.9663934546927	51.97488800072387
2017-11-02T15:00:00	Wind	215.30140185312746	51.32374965712722
2017-11-02T16:00:00	Wind	211.3301279903976	62.561456322152324
2017-11-02T17:00:00	Wind	212.51526144298566	55.29928910681288
2017-11-02T18:00:00	Wind	215.465769569872	50.233821798759195
2017-11-02T19:00:00	Wind	207.2572667376313	44.24552738073027
2017-11-02T20:00:00	Wind	207.56965766986195	45.56440387378708
2017-11-02T21:00:00	Wind	204.8977020714035	48.56692173152465
2017-11-02T22:00:00	Wind	205.2087769028807	51.93965304666297
2017-11-02T23:00:00	Wind	201.31606098323084	54.24542061336442
2017-11-03T00:00:00	Wind	204.35798892274568	55.550281900476605
2017-11-03T01:00:00	Wind	208.67679272580926	53.19878750672505
2017-11-03T02:00:00	Wind	199.71033375900697	49.34109989308585
2017-11-03T03:00:00	Wind	201.44970190392678	49.409145501368144
2017-11-03T04:00:00	Wind	201.76127251090713	54.66122709914096
2017-11-03T05:00:00	Wind	208.55293290126224	57.823444543481955
2017-11-03T06:00:00	Wind	202.64588014790183	57.31492173978832
2017-11-03T07:00:00	Wind	207.7921821885974	60.66252546831604
2017-11-03T08:00:00	Wind	207.57344120520008	62.72403711009522
2017-11-03T09:00:00	Wind	212.64824175419915	60.84188459828274
2017-11-03T10:00:00	Wind	208.93768087925798	58.84877369127277
2017-11-03T11:00:00	Wind	204.2838428364763	60.07855583256656
2017-11-03T12:00:00	Wind	210.78772895621023	56.70477274321535
2017-11-03T13:00:00	Wind	210.32982465792554	55.68366165707866
2017-11-03T14:00:00	Wind	213.69927691250632	53.75739265887833
2017-11-03T15:00:00	Wind	221.47233605083773	57.25542293394911
2017-11-03T16:00:00	Wind	222.4626873660768	53.870989538665704
2017-11-03T17:00:00	Wind	228.58001688675665	54.68999223566912
2017-11-03T18:00:00	Wind	227.20499744183678	55.82659558951003
2017-11-03T19:00:00	Wind	223.37394027669586	49.95016858899642
2017-11-03T20:00:00	Wind	232.95166058674442	47.54985516214024
2017-11-03T21:00:00	Wind	229.57619942140389	52.68870785779659
2017-11-03T22:00:00	Wind	228.64854268034287	53.58463955309547
2017-11-03T23:00:00	Wind	227.76601231525888	44.80016500936932
2017-11-04T00:00:00	Wind	221.64069141016842	41.68527881143305
2017-11-04T01:00:00	Wind	219.9541552072012	40.668327609886795
2017-11-04T02:00:00	Wind	223.05772948334322	43.582114091258454
2017-11-04T03:00:00	Wind	225.286764737726	38.62092083762802
2017-11-04T04:00:00	Wind	225.69797716877474	41.484447533173174
2017-11-04T05:00:00	Wind	227.43750582306723	38.08779951675988
2017-11-04T06:00:00	Wind	232.31488032895993	36.88157683523656
2017-11-04T07:00:00	Wind	234.15745855233513	42.25468892943301
2017-11-04T08:00:00	Wind	235.17378414562347	40.65536079572515
2017-11-04T09:00:00	Wind	232.47828952269208	40.71124542228787
2017-11-04T10:00:00	Wind	236.83255783604238	38.85516066401985
2017-11-04T11:00:00	Wind	227.34075744792165	45.48079729593821
2017-11-04T12:00:00	Wind	225.455064605006	51.10960119922307
2017-11-04T13:00:00	Wind	226.112156883058	53.11374174817078
2017-11-04T14:00:00	Wind	227.13439932763902	54.33055326456771
2017-11-04T15:00:00	Wind	223.30083719126355	48.93620438201047
2017-11-04T16:00:00	Wind	221.04948071361707	44.223722309844575
2017-11-04T17:00:00	Wind	221.46055319448897	37.852093785927615
2017-11-04T18:00:00	Wind	218.6935399463207	37.688369835112624
2017-11-04T19:00:00	Wind	218.8876386839338	35.97757829808242
2017-11-04T20:00:00	Wind	209.05403650885512	29.04108496474324
2017-11-04T21:00:00	Wind	205.60814302269785	29.6669253512099
2017-11-04T22:00:00	Wind	203.8458387462481	28.767645943794516
2017-11-04T23:00:00	Wind	208.49255728754224	28.596768424772232
2017-11-05T00:00:00	Wind	222.80264337258575	34.6456806457874
2017-11-05T01:00:00	Wind	221.98738788042135	31.652463349409672
2017-11-05T02:00:00	Wind	221.2801799263724	25.77411184707945
2017-11-05T03:00:00	Wind	220.9911063651009	19.07293698590287
2017-11-05T04:00:00	Wind	230.8463644114488	17.37556956232523
2017-11-05T05:00:00	Wind	226.52572341652728	13.069407384536941
2017-11-05T06:00:00	Wind	223.13715941385965	16.372556826198554
2017-11-05T07:00:00	Wind	220.67417612190525	12.14354079862871
2017-11-05T08:00:00	Wind	221.3979005936725	16.164845370022064
2017-11-05T09:00:00	Wind	223.97632536989306	12.024251286559199
2017-11-05T10:00:00	Wind	224.22541633447838	7.4516417305749645
2017-11-05T11:00:00	Wind	229.45525132577404	13.280083341489835
2017-11-05T12:00:00	Wind	224.57271137571115	12.664152620444113
2017-11-05T13:00:00	Wind	225.98270237282634	9.167225508798815
2017-11-05T14:00:00	Wind	219.48768703857002	12.748511262512675
2017-11-05T15:00:00	Wind	223.0033243563031	15.37434661563373
2017-11-05T16:00:00	Wind	220.83900745234075	20.497111721187473
2017-11-05T17:00:00	Wind	222.05648800465963	16.281536936249644
2017-11-05T18:00:00	Wind	214.06886907213175	14.065747575005895
2017-11-05T19:00:00	Wind	216.82578936766618	13.370673920541025
2017-11-05T20:00:00	Wind	228.1559824005593	15.517235722363868
2017-11-05T21:00:00	Wind	232.60188846481878	12.935301071225581
2017-11-05T22:00:00	Wind	243.6975800043807	17.24645080074893
2017-11-05T23:00:00	Wind	246.97496004039317	15.721372878800866
2017-11-06T00:00:00	Wind	248.88058295519318	16.08164885898594
2017-11-06T01:00:00	Wind	253.75570515406218	10.105552069816117
2017-11-06T02:00:00	Wind	256.9140555169058	3.92919935376138
2017-11-06T03:00:00	Wind	263.1299325300964	6.744195619096848
2017-11-06T04:00:00	Wind	267.39722359754614	4.542436190708907
2017-11-06T05:00:00	Wind	270.80584927529344	8.242923534758946
2017-11-06T06:00:00	Wind	267.88794578902343	7.79345674293617
2017-11-06T07:00:00	Wind	267.6637864985174	1.8923456704862565
2017-11-06T08:00:00	Wind	267.7702898907439	10.327298826186738
2017-11-06T09:00:00	Wind	266.2128696855939	7.84107056948972
2017-11-06T10:00:00	Wind	266.4358887816759	10.943240094499519
2017-11-06T11:00:00	Wind	265.71202515115124	10.85519418613672
2017-11-06T12:00:00	Wind	262.73591467169933	9.211755304409722
2017-11-06T13:00:00	Wind	271.2190650237651	8.54225233996012
2017-11-06T14:00:00	Wind	273.0311906524157	8.473744732583933
2017-11-06T15:00:00	Wind	271.632573624301	9.939918794994364
2017-11-06T16:00:00	Wind	269.61389047278135	6.824789759094111
2017-11-06T17:00:00	Wind	275.04378617497457	11.511543983685062
2017-11-06T18:00:00	Wind	278.48367937140415	11.070763907303299
2017-11-06T19:00:00	Wind	282.9819593110692	13.88239770065007
2017-11-06T20:00:00	Wind	284.0819684618118	11.971738276763416
2017-11-06T21:00:00	Wind	275.38872334000826	11.311993532724047
2017-11-06T22:00:00	Wind	274.6058769629998	12.1570086614355
2017-11-06T23:00:00	Wind	272.47319703872245	8.227816683315453
2017-11-07T00:00:00	Wind	272.11921305401927	7.046823126267185
2017-11-07T01:00:00	Wind	275.6931853285482	0
2017-11-07T02:00:00	Wind	277.004114938058	1.477784767136862
2017-11-07T03:00:00	Wind	267.5881128050919	0
2017-11-07T04:00:00	Wind	271.81576678106376	0
2017-11-07T05:00:00	Wind	274.1724097902264	0
2017-11-07T06:00:00	Wind	272.2371003336806	0
2017-11-07T07:00:00	Wind	273.38516340123624	0
2017-11-07T08:00:00	Wind	262.62561852330975	0
2017-11-07T09:00:00	Wind	265.109505087112	3.4733091659658344
2017-11-07T10:00:00	Wind	265.3989005749165	8.0920577383718
2017-11-07T11:00:00	Wind	259.6215256339367	11.883741362100132
2017-11-07T12:00:00	Wind	255.2787249207846	13.552223717551682
2017-11-07T13:00:00	Wind	249.36084021681506	10.756897875035461
2017-11-07T14:00:00	Wind	247.06192531105648	2.847001551138267
2017-11-07T15:00:00	Wind	251.16002799836895	0
2017-11-07T16:00:00	Wind	246.35504244971935	0
2017-11-07T17:00:00	Wind	248.59364875547658	0
2017-11-07T18:00:00	Wind	252.4548894881807	0
2017-11-07T19:00:00	Wind	260.47617002120444	2.7807408236222275
2017-11-07T20:00:00	Wind	261.68444998738346	1.2406079810099027
2017-11-07T21:00:00	Wind	256.37117368272766	1.5940115553149599
2017-11-07T22:00:00	Wind	255.2089505977341	4.960716560002982
2017-11-07T23:00:00	Wind	260.78020953174064	4.12252032280445
2017-11-08T00:00:00	Wind	266.6173506896763	4.696392991853509
2017-11-08T01:00:00	Wind	271.7062698537435	8.97983324754384
2017-11-08T02:00:00	Wind	265.14556220761165	11.29145226862419
2017-11-08T03:00:00	Wind	260.18033003069297	13.362299152167589
2017-11-08T04:00:00	Wind	260.3877123538797	7.564094537471788
2017-11-08T05:00:00	Wind	264.21302207866415	9.093621626343575
2017-11-08T06:00:00	Wind	269.3538733505262	15.83753011160633
2017-11-08T07:00:00	Wind	265.5592124297749	20.092090617282114
2017-11-08T08:00:00	Wind	262.4995506385683	27.83359709643546
2017-11-08T09:00:00	Wind	254.72538288850512	25.92582638965597
2017-11-08T10:00:00	Wind	261.421586885481	26.35349591529596
2017-11-08T11:00:00	Wind	264.705268034287	24.82333142450763
2017-11-08T12:00:00	Wind	258.5568880807464	26.75613325140923
2017-11-08T13:00:00	Wind	258.77029079380225	28.064507298068065
2017-11-08T14:00:00	Wind	263.29476477495234	27.293272052800937
2017-11-08T15:00:00	Wind	262.2277730256785	24.31527473279788
2017-11-08T16:00:00	Wind	260.63347206507353	26.32307671013141
2017-11-08T17:00:00	Wind	260.03414465179014	26.67799828227703
2017-11-08T18:00:00	Wind	256.1004959551159	29.827338997819307
2017-11-08T19:00:00	Wind	251.937345007898	28.204412155098062
2017-11-08T20:00:00	Wind	246.66063254713492	24.173351118274386
2017-11-08T21:00:00	Wind	247.4962278064104	22.243234067272663
2017-11-08T22:00:00	Wind	236.34336017375017	22.91803075005923
2017-11-08T23:00:00	Wind	232.47251279003297	20.74911597754536
2017-11-09T00:00:00	Wind	222.3926877370335	17.606933184312993
2017-11-09T01:00:00	Wind	215.0522836426178	15.866280857453424
2017-11-09T02:00:00	Wind	220.20276841276313	17.03488744485539
2017-11-09T03:00:00	Wind	217.48471331946462	21.10699120688901
2017-11-09T04:00:00	Wind	214.934698889179	20.241341589703797
2017-11-09T05:00:00	Wind	215.30941534193698	19.78166352761504
2017-11-09T06:00:00	Wind	215.79215252972176	21.180029599069165
2017-11-09T07:00:00	Wind	211.15431899263422	18.820108485498018
2017-11-09T08:00:00	Wind	205.84769417561552	10.425316896557868
2017-11-09T09:00:00	Wind	195.44566268239794	12.523708109036592
2017-11-09T10:00:00	Wind	193.08832821519502	0
2017-11-09T11:00:00	Wind	188.23367466445882	2.6514512104576924
2017-11-09T12:00:00	Wind	194.97801279367775	4.698127095067542
2017-11-09T13:00:00	Wind	195.57126513562355	1.035544393242207
2017-11-09T14:00:00	Wind	193.87984592745727	7.59879232477779
2017-11-09T15:00:00	Wind	196.91113630440998	10.069119830653355
2017-11-09T16:00:00	Wind	203.87205475444057	2.2235678874674756
2017-11-09T17:00:00	Wind	201.39914126989174	0.8440836869989983
2017-11-09T18:00:00	Wind	195.82786507492733	0
2017-11-09T19:00:00	Wind	196.31031338347282	0
2017-11-09T20:00:00	Wind	203.69866002258448	0
2017-11-09T21:00:00	Wind	199.67873313163363	1.7169415076796217
2017-11-09T22:00:00	Wind	200.18760502878138	0
2017-11-09T23:00:00	Wind	199.2412740287848	0
2017-11-10T00:00:00	Wind	187.87902525460356	0
2017-11-10T01:00:00	Wind	186.43778096320466	1.0005385823277444
2017-11-10T02:00:00	Wind	183.68861817477716	0
2017-11-10T03:00:00	Wind	185.57198798055072	2.7444515442851904
2017-11-10T04:00:00	Wind	181.94648699014977	0.3853837672046656
2017-11-10T05:00:00	Wind	180.168138361871	5.489403913937348
2017-11-10T06:00:00	Wind	188.42608979976467	10.644630262320508
2017-11-10T07:00:00	Wind	189.05220899526557	7.217226117459896
2017-11-10T08:00:00	Wind	192.9505415458159	6.6447181499490195
2017-11-10T09:00:00	Wind	187.81131262020222	6.068200604194389
2017-11-10T10:00:00	Wind	198.78152228349109	1.253170937509668
2017-11-10T11:00:00	Wind	197.75986692215906	4.297847387632849
2017-11-10T12:00:00	Wind	202.885077034451	7.205525218191298
2017-11-10T13:00:00	Wind	205.7546027252132	2.401958893044516
2017-11-10T14:00:00	Wind	197.78363974590218	4.223137815361794
2017-11-10T15:00:00	Wind	192.80911806684912	10.132378088218218
2017-11-10T16:00:00	Wind	188.0506616341653	8.589643794500564
2017-11-10T17:00:00	Wind	183.27754832027597	12.216121279367053
2017-11-10T18:00:00	Wind	181.0670602780175	12.561414270331092
2017-11-10T19:00:00	Wind	188.91970101112827	16.163234640248113
2017-11-10T20:00:00	Wind	190.0215711389161	9.878800245726616
2017-11-10T21:00:00	Wind	185.54587639840508	1.0063292842477676
2017-11-10T22:00:00	Wind	191.4830381573105	1.8041723737638424
2017-11-10T23:00:00	Wind	198.59648641196975	0
2017-11-11T00:00:00	Wind	201.16908374587297	0.6769363098675107
2017-11-11T01:00:00	Wind	202.40773771767704	1.3044016335857451
2017-11-11T02:00:00	Wind	205.42686725307158	3.762589908952472
2017-11-11T03:00:00	Wind	196.1914803437428	4.792971441144337
2017-11-11T04:00:00	Wind	195.11039285557922	6.8814713531984815
2017-11-11T05:00:00	Wind	189.91971751160315	7.334621777283442
2017-11-11T06:00:00	Wind	193.3397244951401	5.409686397183198
2017-11-11T07:00:00	Wind	200.96773332652458	9.738240766658592
2017-11-11T08:00:00	Wind	201.60662593324162	8.719789743410894
2017-11-11T09:00:00	Wind	199.4808356737244	11.627855415775521
2017-11-11T10:00:00	Wind	203.39775353474067	7.732116280140133
2017-11-11T11:00:00	Wind	203.20099105884663	4.852471552764454
2017-11-11T12:00:00	Wind	194.49681085449458	7.038126467309946
2017-11-11T13:00:00	Wind	198.90555074165866	5.900682874405909
2017-11-11T14:00:00	Wind	192.36847819053344	2.5152329872228334
2017-11-11T15:00:00	Wind	200.6866987246657	0
2017-11-11T16:00:00	Wind	207.10789286625777	2.565214976413668
2017-11-11T17:00:00	Wind	210.64580721326092	0
2017-11-11T18:00:00	Wind	205.85315679762277	2.9207697894561706
2017-11-11T19:00:00	Wind	215.0758941204606	7.15164196669452
2017-11-11T20:00:00	Wind	213.62893702318047	13.687463310679753
2017-11-11T21:00:00	Wind	216.76499344792455	19.25359135680904
2017-11-11T22:00:00	Wind	225.8870935945389	23.823203099679255
2017-11-11T23:00:00	Wind	224.70582169789532	24.9364192882396
2017-11-12T00:00:00	Wind	223.08085927842137	24.533814381211833
2017-11-12T01:00:00	Wind	223.31929422405574	17.559989513474143
2017-11-12T02:00:00	Wind	221.55422702206613	13.587982909130163
2017-11-12T03:00:00	Wind	222.84551157187354	12.07677714990966
2017-11-12T04:00:00	Wind	216.84084327554353	5.350331582374912
2017-11-12T05:00:00	Wind	217.66344753612213	7.652237709914042
2017-11-12T06:00:00	Wind	215.3467743935479	7.943691878298596
2017-11-12T07:00:00	Wind	203.16516894269034	9.610898689514999
2017-11-12T08:00:00	Wind	196.4633313256703	14.967017883641528
2017-11-12T09:00:00	Wind	198.53033020933628	8.70573198353705
2017-11-12T10:00:00	Wind	198.96782771330595	21.08338547087557
2017-11-12T11:00:00	Wind	203.38849681851025	15.112133076407344
2017-11-12T12:00:00	Wind	206.35313070069174	8.794994089280175
2017-11-12T13:00:00	Wind	203.19685935429288	4.002571531899201
2017-11-12T14:00:00	Wind	204.48877763316875	7.614865583091655
2017-11-12T15:00:00	Wind	205.1701275729166	9.29721139084908
2017-11-12T16:00:00	Wind	201.1334103089763	14.631955551934592
2017-11-12T17:00:00	Wind	196.74483482448306	11.484634029757373
2017-11-12T18:00:00	Wind	192.02068487931604	14.773517637934848
2017-11-12T19:00:00	Wind	200.32348160288984	8.677947248887996
2017-11-12T20:00:00	Wind	201.31879913554837	10.945341488699862
2017-11-12T21:00:00	Wind	198.06519843855472	9.612646585079382
2017-11-12T22:00:00	Wind	190.9949630299119	11.686943674521775
2017-11-12T23:00:00	Wind	185.7170460595105	11.772996446451065
2017-11-13T00:00:00	Wind	187.18543195059124	11.141018670224202
2017-11-13T01:00:00	Wind	193.76763687035634	7.749910161999894
2017-11-13T02:00:00	Wind	195.62512407389227	5.706757398284205
2017-11-13T03:00:00	Wind	190.38788107519713	5.387315395161612
2017-11-13T04:00:00	Wind	188.05657756767198	6.162620571987408
2017-11-13T05:00:00	Wind	192.46698659928893	11.337115711625064
2017-11-13T06:00:00	Wind	188.59413567505612	11.10361037130046
2017-11-13T07:00:00	Wind	189.3380775429008	6.675676890180956
2017-11-13T08:00:00	Wind	189.37335212417008	7.7908099972535165
2017-11-13T09:00:00	Wind	189.55801904272323	9.052111784710007
2017-11-13T10:00:00	Wind	200.6659518478399	12.459294761393979
2017-11-13T11:00:00	Wind	208.50829238784195	10.411086045642985
2017-11-13T12:00:00	Wind	210.30882273317047	7.839410856762386
2017-11-13T13:00:00	Wind	213.7646225265364	9.48342248772545
2017-11-13T14:00:00	Wind	221.5872893593065	13.265588245309237
2017-11-13T15:00:00	Wind	220.85091965261006	12.19306414461889
2017-11-13T16:00:00	Wind	221.6705628852602	9.133194156859407
2017-11-13T17:00:00	Wind	223.4651526451131	6.97132903270265
2017-11-13T18:00:00	Wind	217.71433839842632	20.21946428696414
2017-11-13T19:00:00	Wind	212.0184889827093	20.71074426123612
2017-11-13T20:00:00	Wind	217.63736285376433	25.353257168081345
2017-11-13T21:00:00	Wind	218.5678331289306	33.55567456202139
2017-11-13T22:00:00	Wind	213.20284248351982	30.866408857009
2017-11-13T23:00:00	Wind	218.42966425992608	30.962223206392707
2017-11-14T00:00:00	Wind	206.8593342310446	32.6103837946354
2017-11-14T01:00:00	Wind	206.84086497598605	32.14828334913299
2017-11-14T02:00:00	Wind	208.16295649427138	37.732305297311584
2017-11-14T03:00:00	Wind	209.57405876970324	36.458526338158
2017-11-14T04:00:00	Wind	211.03281645512868	41.24467823639171
2017-11-14T05:00:00	Wind	201.82847967834937	40.85904241601645
2017-11-14T06:00:00	Wind	192.56864200042287	37.167969471978694
2017-11-14T07:00:00	Wind	182.96372257198118	40.462590380524546
2017-11-14T08:00:00	Wind	179.59879472007106	35.7972917338151
2017-11-14T09:00:00	Wind	183.47710435115448	33.40537007796328
2017-11-14T10:00:00	Wind	176.04067054866198	28.67382464213911
2017-11-14T11:00:00	Wind	178.11063054436488	29.354287299346353
2017-11-14T12:00:00	Wind	185.94509372343998	35.9365762429267
2017-11-14T13:00:00	Wind	185.6348274425152	38.029678011716236
2017-11-14T14:00:00	Wind	189.41176057714097	42.80654179453078
2017-11-14T15:00:00	Wind	192.32667120439976	38.914335103779884
2017-11-14T16:00:00	Wind	190.8744610627059	39.53549446298808
2017-11-14T17:00:00	Wind	192.53875457909749	36.209467076955896
2017-11-14T18:00:00	Wind	193.06435979950106	37.94553339527224
2017-11-14T19:00:00	Wind	196.96206899096603	36.67589486553555
2017-11-14T20:00:00	Wind	199.60967847782229	41.41128634878436
2017-11-14T21:00:00	Wind	202.73581515828675	38.08401614123909
2017-11-14T22:00:00	Wind	195.68833468388516	34.73073126863973
2017-11-14T23:00:00	Wind	208.81570946936301	36.62945893780965
2017-11-15T00:00:00	Wind	212.5492855722673	35.923569691432725
2017-11-15T01:00:00	Wind	210.16011214207958	36.13959576771461
2017-11-15T02:00:00	Wind	201.77480789713195	34.05333159509926
2017-11-15T03:00:00	Wind	197.93806779857368	36.853867862173956
2017-11-15T04:00:00	Wind	188.10699928026122	29.482327749963048
2017-11-15T05:00:00	Wind	184.88607260394053	31.478196044448072
2017-11-15T06:00:00	Wind	177.4108465478888	37.36563885892036
2017-11-15T07:00:00	Wind	174.66239959199254	38.04832758914541
2017-11-15T08:00:00	Wind	167.01187930818287	46.41595851018119
2017-11-15T09:00:00	Wind	163.30513131006705	45.53007085556687
2017-11-15T10:00:00	Wind	166.53336045583228	38.298598471416696
2017-11-15T11:00:00	Wind	158.15251101283604	34.31436405741421
2017-11-15T12:00:00	Wind	166.24623780020852	33.502086446032195
2017-11-15T13:00:00	Wind	172.13820116166198	33.696823538632295
2017-11-15T14:00:00	Wind	165.47966379997024	33.19668094697446
2017-11-15T15:00:00	Wind	162.31215655821018	30.27887669527962
2017-11-15T16:00:00	Wind	161.32777650204048	30.203326387328797
2017-11-15T17:00:00	Wind	158.32358658326802	33.59771905134463
2017-11-15T18:00:00	Wind	155.16647083085616	35.91777612099357
2017-11-15T19:00:00	Wind	157.29615368965767	37.56548128878576
2017-11-15T20:00:00	Wind	154.00116161993446	38.9357824256228
2017-11-15T21:00:00	Wind	159.8009374179677	31.098240876156588
2017-11-15T22:00:00	Wind	166.85441896549594	25.90469945307141
2017-11-15T23:00:00	Wind	162.89917703473122	27.896179869700685
2017-11-16T00:00:00	Wind	162.18398844009675	29.61486613477143
2017-11-16T01:00:00	Wind	168.11547632205577	31.54427673340817
2017-11-16T02:00:00	Wind	168.56478587018887	28.27267440769084
2017-11-16T03:00:00	Wind	167.4482827134898	28.137934537653923
2017-11-16T04:00:00	Wind	167.27380072674976	32.98794261919967
2017-11-16T05:00:00	Wind	163.5802887268759	31.60950367941861
2017-11-16T06:00:00	Wind	167.9112315571781	29.183758296657043
2017-11-16T07:00:00	Wind	167.50863897941872	25.53930504066768
2017-11-16T08:00:00	Wind	167.53198625253538	25.457758150860553
2017-11-16T09:00:00	Wind	167.22721701776652	18.18401653107266
2017-11-16T10:00:00	Wind	161.43616035150023	21.431226527065327
2017-11-16T11:00:00	Wind	154.25902736917908	19.755833558800013
2017-11-16T12:00:00	Wind	149.43773191737654	15.932557117871411
2017-11-16T13:00:00	Wind	149.58855594123798	13.411755633778988
2017-11-16T14:00:00	Wind	156.4165609982265	10.13027736373761
2017-11-16T15:00:00	Wind	157.23824890559604	6.659406272291405
2017-11-16T16:00:00	Wind	161.86843923142965	4.97534789023385
2017-11-16T17:00:00	Wind	153.53150310121703	6.720342773920638
2017-11-16T18:00:00	Wind	156.78066434570565	8.661735515018732
2017-11-16T19:00:00	Wind	163.45815824959857	7.281974574785653
2017-11-16T20:00:00	Wind	161.39579143172273	9.572970087612212
2017-11-16T21:00:00	Wind	161.71202826323827	13.50065401506623
2017-11-16T22:00:00	Wind	161.97250665144782	8.78140073998285
2017-11-16T23:00:00	Wind	160.22584450942236	7.208411659077237
2017-11-17T00:00:00	Wind	162.1767269807101	0
2017-11-17T01:00:00	Wind	166.12469006479796	0.06275770866474867
2017-11-17T02:00:00	Wind	171.00041143144745	0.9749937499476509
2017-11-17T03:00:00	Wind	165.2524264199859	0
2017-11-17T04:00:00	Wind	166.28675321411083	2.5530800410567043
2017-11-17T05:00:00	Wind	168.53045287658995	0
2017-11-17T06:00:00	Wind	158.15874517670886	0
2017-11-17T07:00:00	Wind	157.76211629282432	4.640300860645294
2017-11-17T08:00:00	Wind	157.69740847764456	7.678637169681311
2017-11-17T09:00:00	Wind	156.3511946148045	10.29495489787067
2017-11-17T10:00:00	Wind	151.94041259353736	4.5291562991059005
2017-11-17T11:00:00	Wind	154.89451598613698	1.8767411765085438
2017-11-17T12:00:00	Wind	151.45133205915516	0
2017-11-17T13:00:00	Wind	154.2125238959586	5.564199558053143
2017-11-17T14:00:00	Wind	162.89022280124755	0
2017-11-17T15:00:00	Wind	168.78437094239302	0
2017-11-17T16:00:00	Wind	166.6206429999171	0
2017-11-17T17:00:00	Wind	163.90862926580792	0
2017-11-17T18:00:00	Wind	168.4660832939942	1.5162121515789935
2017-11-17T19:00:00	Wind	177.49799867194906	3.886586515973426
2017-11-17T20:00:00	Wind	178.99326380018817	0
2017-11-17T21:00:00	Wind	178.18790949019842	0
2017-11-17T22:00:00	Wind	178.88766595227173	8.57387357056853
2017-11-17T23:00:00	Wind	180.59574290347098	5.875249447217325
2017-11-18T00:00:00	Wind	177.59217592732705	1.8624720597483417
2017-11-18T01:00:00	Wind	175.14632951936983	0
2017-11-18T02:00:00	Wind	172.5183063549464	7.008117698935703
2017-11-18T03:00:00	Wind	167.88894114591358	11.085428832771
2017-11-18T04:00:00	Wind	166.58440177562613	9.487980602778906
2017-11-18T05:00:00	Wind	167.89329679026775	12.279698654605326
2017-11-18T06:00:00	Wind	164.41476656246925	16.391766901748827
2017-11-18T07:00:00	Wind	162.38042579606918	14.51537146202599
2017-11-18T08:00:00	Wind	163.88016941351395	9.276985493133925
2017-11-18T09:00:00	Wind	156.04729288797512	10.973920531523614
2017-11-18T10:00:00	Wind	158.11270665944323	7.945964704971086
2017-11-18T11:00:00	Wind	160.6667502284895	2.740739174317782
2017-11-18T12:00:00	Wind	174.61897333123034	5.349452148453674
2017-11-18T13:00:00	Wind	173.09689804613254	6.410652711229389
2017-11-18T14:00:00	Wind	161.0965139601443	10.935979415557691
2017-11-18T15:00:00	Wind	155.47423922198345	17.629537564724874
2017-11-18T16:00:00	Wind	152.27246631422838	17.436988161662057
2017-11-18T17:00:00	Wind	146.69627650208975	14.936993723124187
2017-11-18T18:00:00	Wind	153.3220508375349	13.655525159955094
2017-11-18T19:00:00	Wind	152.24743187034937	2.3465912742294197
2017-11-18T20:00:00	Wind	161.35388567290522	2.055061355397246
2017-11-18T21:00:00	Wind	165.40391764003584	5.317249747733764
2017-11-18T22:00:00	Wind	160.74020680004992	9.420285145888261
2017-11-18T23:00:00	Wind	156.82923927480283	0.6239349177258013
2017-11-19T00:00:00	Wind	156.94157268238507	0
2017-11-19T01:00:00	Wind	155.3635723718162	0
2017-11-19T02:00:00	Wind	153.9821366487845	6.625490812868292
2017-11-19T03:00:00	Wind	155.128681890214	0
2017-11-19T04:00:00	Wind	168.7555680067428	4.456248980063905
2017-11-19T05:00:00	Wind	168.56303874718628	1.9041330580823503
2017-11-19T06:00:00	Wind	167.3749853482567	4.6344343171594415
2017-11-19T07:00:00	Wind	170.24877827032833	12.118957107459973
2017-11-19T08:00:00	Wind	166.3040208740748	13.511638307393898
2017-11-19T09:00:00	Wind	171.23912821054398	19.812008689525953
2017-11-19T10:00:00	Wind	168.40079190251856	17.87138886232227
2017-11-19T11:00:00	Wind	169.82438649610788	16.07841639384439
2017-11-19T12:00:00	Wind	168.06334104647726	17.46431520676913
2017-11-19T13:00:00	Wind	167.61396661232186	22.773426238140214
2017-11-19T14:00:00	Wind	169.7956383866566	24.135948692867885
2017-11-19T15:00:00	Wind	169.6751378806888	22.92891480357517
2017-11-19T16:00:00	Wind	173.30661781772153	26.890656480512263
2017-11-19T17:00:00	Wind	161.9092971639967	23.250355333679025
2017-11-19T18:00:00	Wind	165.99614477948273	20.20136593904892
2017-11-19T19:00:00	Wind	158.86850984889475	22.812282968309088
2017-11-19T20:00:00	Wind	164.44834682197904	27.65728063913101
2017-11-19T21:00:00	Wind	168.2101460730239	26.512917968317524
2017-11-19T22:00:00	Wind	166.26920646985923	23.151396017744407
2017-11-19T23:00:00	Wind	166.17599589587246	20.39503066905411
2017-11-20T00:00:00	Wind	167.46457046708952	21.493612231769898
2017-11-20T01:00:00	Wind	164.3320532466878	21.2545365533246
2017-11-20T02:00:00	Wind	172.7399480892135	22.09543147925518
2017-11-20T03:00:00	Wind	176.54723395801568	22.55000537054719
2017-11-20T04:00:00	Wind	173.13325221970115	22.154328243221794
2017-11-20T05:00:00	Wind	177.26760832902266	20.883004441816116
2017-11-20T06:00:00	Wind	179.0818290721536	21.726263860167556
2017-11-20T07:00:00	Wind	173.03209294079	18.35778661116383
2017-11-20T08:00:00	Wind	177.9621793531611	25.738605858407933
2017-11-20T09:00:00	Wind	189.6413339979772	22.142554990553208
2017-11-20T10:00:00	Wind	179.26181258534723	15.86133870493589
2017-11-20T11:00:00	Wind	171.36189096036435	12.648584838497847
2017-11-20T12:00:00	Wind	169.94134860318468	10.079480733468891
2017-11-20T13:00:00	Wind	174.57931275800058	6.6537575834864935
2017-11-20T14:00:00	Wind	187.4815984598539	3.9651395399464477
2017-11-20T15:00:00	Wind	189.9347232544253	3.947411478467249
2017-11-20T16:00:00	Wind	196.5133297580005	3.4868802959253493
2017-11-20T17:00:00	Wind	202.96399781358173	0.08147687271209758
2017-11-20T18:00:00	Wind	203.00764065744954	3.0406544590145206
2017-11-20T19:00:00	Wind	200.6639195033331	6.6449565099809735
2017-11-20T20:00:00	Wind	199.56149620232713	9.6964563421643
2017-11-20T21:00:00	Wind	205.47235711953545	6.046578845757811
2017-11-20T22:00:00	Wind	201.79514980184695	0
2017-11-20T23:00:00	Wind	202.21444147379157	4.750046256375441
2017-11-21T00:00:00	Wind	207.62058113321837	1.6179031130213675
2017-11-21T01:00:00	Wind	201.97512859792312	0
2017-11-21T02:00:00	Wind	200.17952395977397	4.621291788509171
2017-11-21T03:00:00	Wind	201.78623819128018	0
2017-11-21T04:00:00	Wind	207.539295813222	1.6550441916006782
2017-11-21T05:00:00	Wind	205.12446667295	7.805129347514967
2017-11-21T06:00:00	Wind	207.4698341313965	5.2453800809577045
2017-11-21T07:00:00	Wind	202.1363601736415	0
2017-11-21T08:00:00	Wind	200.87301466161932	2.9614662850606037
2017-11-21T09:00:00	Wind	204.85860677887035	3.2923312268832032
2017-11-21T10:00:00	Wind	203.3269667370588	6.396239912721914
2017-11-21T11:00:00	Wind	208.7802997222617	7.342881573464865
2017-11-21T12:00:00	Wind	209.5934829277021	2.068303072616719
2017-11-21T13:00:00	Wind	206.81688550187414	1.2473537940617185
2017-11-21T14:00:00	Wind	201.7965002221281	0.6499811180182707
2017-11-21T15:00:00	Wind	206.26599687900045	2.3410133275715173
2017-11-21T16:00:00	Wind	204.1229087448753	1.182365078739447
2017-11-21T17:00:00	Wind	203.50258878348143	0
2017-11-21T18:00:00	Wind	215.56469609233045	0
2017-11-21T19:00:00	Wind	212.23061467049456	2.0697697369190178
2017-11-21T20:00:00	Wind	211.7019380871102	3.413467176124626
2017-11-21T21:00:00	Wind	202.5643563552278	2.104241053881177
2017-11-21T22:00:00	Wind	213.87003496184627	1.2496272577814698
2017-11-21T23:00:00	Wind	217.16098243712918	0
2017-11-22T00:00:00	Wind	217.93428137252545	2.8876644432022402
2017-11-22T01:00:00	Wind	224.12614933010957	2.5899924809458934
2017-11-22T02:00:00	Wind	230.0146353015382	2.215072435943531
2017-11-22T03:00:00	Wind	225.68307385518096	0
2017-11-22T04:00:00	Wind	227.70898200148895	0
2017-11-22T05:00:00	Wind	233.0591421421633	0
2017-11-22T06:00:00	Wind	227.6770136965988	6.87191536748027
2017-11-22T07:00:00	Wind	240.3482857769975	4.6181032749938264
2017-11-22T08:00:00	Wind	244.28352144258872	7.861142289036483
2017-11-22T09:00:00	Wind	236.4849160710164	4.05401032895344
2017-11-22T10:00:00	Wind	230.31578624174222	4.790346693235319
2017-11-22T11:00:00	Wind	230.45162276905853	10.97322416210278
2017-11-22T12:00:00	Wind	237.92299553262046	11.719126126091675
2017-11-22T13:00:00	Wind	231.55711717813472	19.343587555615187
2017-11-22T14:00:00	Wind	242.97662014085336	23.004209098753435
2017-11-22T15:00:00	Wind	246.60630547929372	17.614882474662416
2017-11-22T16:00:00	Wind	244.05551085595152	17.38306703035526
2017-11-22T17:00:00	Wind	244.4494391068596	16.34019121037804
2017-11-22T18:00:00	Wind	240.62015526695598	15.95547711482917
2017-11-22T19:00:00	Wind	236.02426253627095	18.902989576401104
2017-11-22T20:00:00	Wind	232.43496083274806	16.532352699712234
2017-11-22T21:00:00	Wind	216.12312923943125	17.865159904093822
2017-11-22T22:00:00	Wind	211.20294134182166	14.888100866875382
2017-11-22T23:00:00	Wind	212.24763381018283	16.755837138161816
2017-11-23T00:00:00	Wind	198.85373426390345	23.332030688895976
2017-11-23T01:00:00	Wind	197.75193116173955	21.988014936357917
2017-11-23T02:00:00	Wind	188.33601869674533	19.289428303552807
2017-11-23T03:00:00	Wind	184.91789601475102	16.006492092704473
2017-11-23T04:00:00	Wind	179.3624771496594	21.148515033533403
2017-11-23T05:00:00	Wind	184.55623508600354	16.995218229530238
2017-11-23T06:00:00	Wind	187.53624342918113	20.14361510577395
2017-11-23T07:00:00	Wind	190.38372073448784	22.867482422105297
2017-11-23T08:00:00	Wind	199.3152863218304	21.979713810381398
2017-11-23T09:00:00	Wind	199.6108931064922	19.494402853457135
2017-11-23T10:00:00	Wind	207.92066802270494	19.724188163562943
2017-11-23T11:00:00	Wind	213.94598758122106	21.38943998002065
2017-11-23T12:00:00	Wind	212.84276601973147	19.92123895344319
2017-11-23T13:00:00	Wind	204.72300714410346	20.225106912470544
2017-11-23T14:00:00	Wind	206.11287103859377	24.678715787921824
2017-11-23T15:00:00	Wind	207.897597998126	30.064846659983058
2017-11-23T16:00:00	Wind	208.06292752429897	36.69292794036521
2017-11-23T17:00:00	Wind	211.61473804694072	38.43426118051995
2017-11-23T18:00:00	Wind	216.1711969670148	41.68052429908849
2017-11-23T19:00:00	Wind	217.17559531719655	44.462619275418184
2017-11-23T20:00:00	Wind	221.97128807654258	37.26059657169411
2017-11-23T21:00:00	Wind	221.18963780223783	40.53496932767267
2017-11-23T22:00:00	Wind	227.2144362058558	46.09421638629846
2017-11-23T23:00:00	Wind	227.8739662284812	53.08726720234843
2017-11-24T00:00:00	Wind	228.02363657426656	56.47856879880424
2017-11-24T01:00:00	Wind	226.23599282088924	56.748587984911424
2017-11-24T02:00:00	Wind	225.64583844823449	49.87555339618425
2017-11-24T03:00:00	Wind	224.19256843505377	46.63229127102931
2017-11-24T04:00:00	Wind	224.8298040876407	38.181458412308324
2017-11-24T05:00:00	Wind	222.4318223274537	50.06936520403471
2017-11-24T06:00:00	Wind	217.03875807268628	48.79788463051175
2017-11-24T07:00:00	Wind	219.58451681909332	44.79753173788758
2017-11-24T08:00:00	Wind	219.19588699428857	39.596076051508106
2017-11-24T09:00:00	Wind	216.26135823771426	38.22099548379226
2017-11-24T10:00:00	Wind	227.47829240478825	36.69280043274785
2017-11-24T11:00:00	Wind	233.48709195127833	37.060908267605164
2017-11-24T12:00:00	Wind	233.37573723520143	32.53745010690053
2017-11-24T13:00:00	Wind	224.94351932777704	31.05486312547316
2017-11-24T14:00:00	Wind	230.4051653063484	29.622963344079572
2017-11-24T15:00:00	Wind	229.5457052850137	31.559892217136827
2017-11-24T16:00:00	Wind	238.68150077172663	28.070820067030994
2017-11-24T17:00:00	Wind	236.75199719483794	28.35141092594359
2017-11-24T18:00:00	Wind	235.13507974077731	33.92328418526817
2017-11-24T19:00:00	Wind	239.97723806061265	39.22959807798107
2017-11-24T20:00:00	Wind	242.33102111822507	42.6207757917819
2017-11-24T21:00:00	Wind	237.9595802299442	43.607067560945765
2017-11-24T22:00:00	Wind	242.55709757983425	51.23577716584158
2017-11-24T23:00:00	Wind	242.1686217315605	54.2648792798567
2017-11-25T00:00:00	Wind	239.63848457295433	47.24908272675192
2017-11-25T01:00:00	Wind	234.87286743747256	44.656810911992
2017-11-25T02:00:00	Wind	240.89501660144333	41.943037854877524
2017-11-25T03:00:00	Wind	245.1498166687977	36.58652063140459
2017-11-25T04:00:00	Wind	242.0978181733077	35.98769219914318
2017-11-25T05:00:00	Wind	244.64284941604944	39.26268459637201
2017-11-25T06:00:00	Wind	237.40633482844987	36.52082379586111
2017-11-25T07:00:00	Wind	235.26774988973182	38.516172899809874
2017-11-25T08:00:00	Wind	239.99773150296505	33.69159037878465
2017-11-25T09:00:00	Wind	235.49644342809995	32.67652770567849
2017-11-25T10:00:00	Wind	240.55044258714963	29.289956135188934
2017-11-25T11:00:00	Wind	240.2891316886404	21.96598787196126
2017-11-25T12:00:00	Wind	239.15506163012196	18.494493216360414
2017-11-25T13:00:00	Wind	240.1279799836543	19.529586891441987
2017-11-25T14:00:00	Wind	251.00368389679602	18.98217402654762
2017-11-25T15:00:00	Wind	260.4531949011024	17.395013586982813
2017-11-25T16:00:00	Wind	261.6059150228433	18.064710097656565
2017-11-25T17:00:00	Wind	264.624325033471	21.92065756684243
2017-11-25T18:00:00	Wind	271.18778288518445	21.245971326329876
2017-11-25T19:00:00	Wind	268.1499514215502	16.34014403147478
2017-11-25T20:00:00	Wind	263.594106891922	14.085959238500658
2017-11-25T21:00:00	Wind	263.23521411830825	9.293600548340926
2017-11-25T22:00:00	Wind	267.64570143488197	3.1225044124069132
2017-11-25T23:00:00	Wind	261.05037136501244	2.3563457669308963
2017-11-26T00:00:00	Wind	266.8199185716478	0
2017-11-26T01:00:00	Wind	269.4105303584953	0
2017-11-26T02:00:00	Wind	256.1379036711404	4.360893418889386
2017-11-26T03:00:00	Wind	257.07461647483626	5.343042680543226
2017-11-26T04:00:00	Wind	256.69999557948984	0
2017-11-26T05:00:00	Wind	260.0897893499847	0
2017-11-26T06:00:00	Wind	258.74927172111563	1.5218793541970916
2017-11-26T07:00:00	Wind	256.42274661368447	7.048006126936048
2017-11-26T08:00:00	Wind	248.5054360806488	9.680251054213254
2017-11-26T09:00:00	Wind	248.4639177951426	11.03761937736724
2017-11-26T10:00:00	Wind	252.1999311295591	7.285908756723627
2017-11-26T11:00:00	Wind	241.92499903898658	6.430542741028152
2017-11-26T12:00:00	Wind	245.97093962786028	2.059748794721143
2017-11-26T13:00:00	Wind	244.8545096798406	2.906436148574661
2017-11-26T14:00:00	Wind	250.15692314021192	0.33684469145628526
2017-11-26T15:00:00	Wind	253.32998217178454	2.163916527041405
2017-11-26T16:00:00	Wind	259.4044552304291	5.165297609488188
2017-11-26T17:00:00	Wind	259.30785900051785	0.1936740737456386
2017-11-26T18:00:00	Wind	262.2019606865813	1.1991577972058625
2017-11-26T19:00:00	Wind	266.5471955129715	8.458219960962506
2017-11-26T20:00:00	Wind	266.0280983997453	4.64706234814129
2017-11-26T21:00:00	Wind	274.5051998937422	0
2017-11-26T22:00:00	Wind	276.5259289650935	0
2017-11-26T23:00:00	Wind	277.0201570910348	0
2017-11-27T00:00:00	Wind	266.12772773782683	0
2017-11-27T01:00:00	Wind	264.9938067476684	0
2017-11-27T02:00:00	Wind	267.5658198283537	0
2017-11-27T03:00:00	Wind	273.31709527386556	0
2017-11-27T04:00:00	Wind	277.4378684766119	0
2017-11-27T05:00:00	Wind	279.6604674854541	0
2017-11-27T06:00:00	Wind	280.2660059452662	0
2017-11-27T07:00:00	Wind	275.5135294387675	0.9055868789090402
2017-11-27T08:00:00	Wind	267.1156591389854	6.010711598810587
2017-11-27T09:00:00	Wind	270.72450175704387	7.790467362001151
2017-11-27T10:00:00	Wind	277.7511565979339	8.987152846860923
2017-11-27T11:00:00	Wind	280.2023560830279	11.723015842049094
2017-11-27T12:00:00	Wind	271.4024249773356	4.974840598980002
2017-11-27T13:00:00	Wind	275.264594102965	1.9233317435158273
2017-11-27T14:00:00	Wind	280.3647266091908	1.9217792863177166
2017-11-27T15:00:00	Wind	268.53192431708294	1.7315614429468051
2017-11-27T16:00:00	Wind	269.110876780156	3.6454280076737806
2017-11-27T17:00:00	Wind	271.6519965871022	10.9932562031712
2017-11-27T18:00:00	Wind	265.7841044567924	14.812214437608215
2017-11-27T19:00:00	Wind	262.2801876647476	10.820184159778659
2017-11-27T20:00:00	Wind	259.2355016534748	8.53789961700264
2017-11-27T21:00:00	Wind	252.4278787576725	11.3154719657457
2017-11-27T22:00:00	Wind	248.5051901919312	4.3986734303881985
2017-11-27T23:00:00	Wind	256.71972701363984	0
2017-11-28T00:00:00	Wind	262.52162761365673	0
2017-11-28T01:00:00	Wind	261.05451222394413	3.8090866914439903
2017-11-28T02:00:00	Wind	265.78364958721374	0
2017-11-28T03:00:00	Wind	268.2177161959927	1.2818639866840549
2017-11-28T04:00:00	Wind	271.9444231943887	3.2449567342462187
2017-11-28T05:00:00	Wind	267.8846493885803	7.334345711430318
2017-11-28T06:00:00	Wind	268.7864152083123	7.2055045077478574
2017-11-28T07:00:00	Wind	269.5836378138214	12.17562330495711
2017-11-28T08:00:00	Wind	276.25324417602235	9.411416427920678
2017-11-28T09:00:00	Wind	265.88225717941134	8.428390224837273
2017-11-28T10:00:00	Wind	266.74265439514386	1.943700797168007
2017-11-28T11:00:00	Wind	272.8633433783788	3.1315114913617683
2017-11-28T12:00:00	Wind	268.30818850303024	5.993071579034379
2017-11-28T13:00:00	Wind	262.83816151343126	18.011706622757856
2017-11-28T14:00:00	Wind	248.13147250484235	18.09674682935185
2017-11-28T15:00:00	Wind	241.7591319863452	20.5691245545133
2017-11-28T16:00:00	Wind	247.88423935559604	19.751192733670837
2017-11-28T17:00:00	Wind	244.68793467074022	19.134940221601376
2017-11-28T18:00:00	Wind	245.7745901125594	26.936167730180454
2017-11-28T19:00:00	Wind	243.99208515576743	21.289376648940102
2017-11-28T20:00:00	Wind	246.23467349104396	22.486879684503865
2017-11-28T21:00:00	Wind	246.7623278458717	17.808593829145224
2017-11-28T22:00:00	Wind	256.1662406402113	11.731107194100009
2017-11-28T23:00:00	Wind	249.86745943504081	14.805659096535566
2017-11-29T00:00:00	Wind	247.63281441166578	20.356824211287105
2017-11-29T01:00:00	Wind	244.36326386966425	21.737417748711785
2017-11-29T02:00:00	Wind	244.207372752595	23.366921326562743
2017-11-29T03:00:00	Wind	245.8874746019677	20.38825679924636
2017-11-29T04:00:00	Wind	241.84169332392844	21.258859168061864
2017-11-29T05:00:00	Wind	231.36959067567204	18.587132237266037
2017-11-29T06:00:00	Wind	226.65426652454937	15.430797837273621
2017-11-29T07:00:00	Wind	228.56794054501324	17.889084168602807
2017-11-29T08:00:00	Wind	239.21698502284755	23.95952477705608
2017-11-29T09:00:00	Wind	242.83969548895607	23.028390690351777
2017-11-29T10:00:00	Wind	242.07503430904603	35.03995895028637
2017-11-29T11:00:00	Wind	234.0609789804247	35.23699057745446
2017-11-29T12:00:00	Wind	231.80949478005402	37.56876008324357
2017-11-29T13:00:00	Wind	229.28987595928947	42.864925579891015
2017-11-29T14:00:00	Wind	229.9990293144939	42.186566157051274
2017-11-29T15:00:00	Wind	223.5741076337971	37.2537264695283
2017-11-29T16:00:00	Wind	229.0860146448175	37.866926306489006
2017-11-29T17:00:00	Wind	225.80087878241807	39.85285829555141
2017-11-29T18:00:00	Wind	226.6417698717272	37.58687247165713
2017-11-29T19:00:00	Wind	224.01787601303738	37.20275943716886
2017-11-29T20:00:00	Wind	234.59821833978833	40.14059465731103
2017-11-29T21:00:00	Wind	233.3043306088091	40.882266757739195
2017-11-29T22:00:00	Wind	224.0071115564068	39.91933754723854
2017-11-29T23:00:00	Wind	227.1157141078712	38.24167307425695
2017-11-30T00:00:00	Wind	233.78398492001566	36.3091683050039
2017-11-30T01:00:00	Wind	230.78272303747042	35.840962064315086
2017-11-30T02:00:00	Wind	235.25748223408846	37.387645701708884
2017-11-30T03:00:00	Wind	238.09000255963895	34.87907362550351
2017-11-30T04:00:00	Wind	232.09566990592498	36.34330932839827
2017-11-30T05:00:00	Wind	232.52033066009642	37.48371179980642
2017-11-30T06:00:00	Wind	234.33299347457228	37.17640339241879
2017-11-30T07:00:00	Wind	240.81513453408706	33.26630197772367
2017-11-30T08:00:00	Wind	243.4277764385546	30.080197823156915
2017-11-30T09:00:00	Wind	235.86020807461068	34.882786552613524
2017-11-30T10:00:00	Wind	245.31292134613727	28.5656361627494
2017-11-30T11:00:00	Wind	244.09145958694182	20.22351297830451
2017-11-30T12:00:00	Wind	245.07208816720436	25.640931945317217
2017-11-30T13:00:00	Wind	253.5527922727449	22.95250202949917
2017-11-30T14:00:00	Wind	259.3811306585849	23.244875089106102
2017-11-30T15:00:00	Wind	261.3970451283989	20.737921464932512
2017-11-30T16:00:00	Wind	267.8002480556712	19.95585980196419
2017-11-30T17:00:00	Wind	265.7661449448981	22.967197624157762
2017-11-30T18:00:00	Wind	258.05587766121687	20.37294719275523
2017-11-30T19:00:00	Wind	260.348949089994	23.670445113073455
2017-11-30T20:00:00	Wind	256.0993787797047	21.00956444631221
2017-11-30T21:00:00	Wind	263.5825023091684	23.672442603385353
2017-11-30T22:00:00	Wind	251.21138004400962	24.255320705204475
2017-11-30T23:00:00	Wind	251.06229753554874	20.207620809254024
2017-12-01T00:00:00	Wind	254.57660740838298	12.374772983809104
2017-12-01T01:00:00	Wind	249.4202297524521	11.715426073322375
2017-12-01T02:00:00	Wind	254.708237597191	9.681946593637932
2017-12-01T03:00:00	Wind	254.41506542427385	11.186646023657085
2017-12-01T04:00:00	Wind	251.52492118514635	10.571892733893089
2017-12-01T05:00:00	Wind	247.15776828619926	9.906677432388456
2017-12-01T06:00:00	Wind	248.0265966614653	6.832780296555221
2017-12-01T07:00:00	Wind	249.4621175555343	11.302388990282907
2017-12-01T08:00:00	Wind	245.33001791462812	15.877685127491246
2017-12-01T09:00:00	Wind	240.22350297186313	14.169007955501325
2017-12-01T10:00:00	Wind	236.89990681166944	12.581571738546698
2017-12-01T11:00:00	Wind	240.32815649140218	3.840536993521047
2017-12-01T12:00:00	Wind	243.40535683997825	3.5600574715685767
2017-12-01T13:00:00	Wind	244.97477672153946	10.448286586853289
2017-12-01T14:00:00	Wind	249.23048026224137	10.593089330630743
2017-12-01T15:00:00	Wind	249.5212501418589	10.414883827100464
2017-12-01T16:00:00	Wind	247.39279011510007	10.304881798899906
2017-12-01T17:00:00	Wind	252.52048185969625	7.426028001862775
2017-12-01T18:00:00	Wind	249.20495980277065	6.469423552438697
2017-12-01T19:00:00	Wind	253.97667159738126	6.55345669223502
2017-12-01T20:00:00	Wind	252.9559805130932	9.209509115162977
2017-12-01T21:00:00	Wind	245.27144153857068	7.113724942365513
2017-12-01T22:00:00	Wind	246.0414004019873	4.1922431169627306
2017-12-01T23:00:00	Wind	250.74683426889817	0
2017-12-02T00:00:00	Wind	254.86700503922225	7.759599340337766
2017-12-02T01:00:00	Wind	255.00526209859686	2.240726989948376
2017-12-02T02:00:00	Wind	258.25170761011145	4.474311323301463
2017-12-02T03:00:00	Wind	261.2411661634716	3.0148640960732997
2017-12-02T04:00:00	Wind	252.7184821945898	0
2017-12-02T05:00:00	Wind	262.8259464831493	1.3775197606065082
2017-12-02T06:00:00	Wind	260.927534751342	1.5995416989822568
2017-12-02T07:00:00	Wind	257.89034565915915	3.2624718274552613
2017-12-02T08:00:00	Wind	257.1790772935326	5.528702193746188
2017-12-02T09:00:00	Wind	247.22205355136043	5.652658873924494
2017-12-02T10:00:00	Wind	249.7435087685758	1.71538644171188
2017-12-02T11:00:00	Wind	245.95236992227467	0
2017-12-02T12:00:00	Wind	244.8426964198511	5.833754551546966
2017-12-02T13:00:00	Wind	247.65935027868386	5.224265042801395
2017-12-02T14:00:00	Wind	241.26473829934537	3.151204318543777
2017-12-02T15:00:00	Wind	233.8305130533322	0
2017-12-02T16:00:00	Wind	234.03970359178084	2.1780460518277844
2017-12-02T17:00:00	Wind	233.2897142124475	0
2017-12-02T18:00:00	Wind	237.0492363133194	0
2017-12-02T19:00:00	Wind	232.58409179829107	0.978727703252923
2017-12-02T20:00:00	Wind	232.0021907652133	2.5249944085729195
2017-12-02T21:00:00	Wind	225.69651517246348	0
2017-12-02T22:00:00	Wind	222.10725129071602	0.8338641169527293
2017-12-02T23:00:00	Wind	229.49010066796745	0
2017-12-03T00:00:00	Wind	235.90920406502926	6.28058049879771
2017-12-03T01:00:00	Wind	240.6923264043246	5.234577672989513
2017-12-03T02:00:00	Wind	237.48938072935834	7.3051904244662325
2017-12-03T03:00:00	Wind	236.47833572282457	8.073870026795579
2017-12-03T04:00:00	Wind	233.4118106610414	8.598756501845829
2017-12-03T05:00:00	Wind	234.1010553058527	3.2982551167534035
2017-12-03T06:00:00	Wind	234.51983589748136	9.171140135535826
2017-12-03T07:00:00	Wind	236.73756991532287	15.436564569771612
2017-12-03T08:00:00	Wind	237.30790721752987	10.35651827337886
2017-12-03T09:00:00	Wind	236.34948675060832	7.130261618436332
2017-12-03T10:00:00	Wind	234.92421468882162	12.853549624162742
2017-12-03T11:00:00	Wind	236.6901130193561	11.188375880889485
2017-12-03T12:00:00	Wind	237.2343367186552	9.441026658834854
2017-12-03T13:00:00	Wind	228.80217813953072	3.4078351241797833
2017-12-03T14:00:00	Wind	233.11382363499968	5.1863585379838
2017-12-03T15:00:00	Wind	229.41314304118805	11.82835104361906
2017-12-03T16:00:00	Wind	226.6086312905776	12.793394587546986
