TS,Name,Temperature
2017-10-23T01:00:00,Temp-JZ,18.635729274873803
2017-10-23T02:00:00,Temp-JZ,17.477384985922644
2017-10-23T03:00:00,Temp-JZ,16.241540048309115
2017-10-23T04:00:00,Temp-JZ,16.186717505009387
2017-10-23T05:00:00,Temp-JZ,15.581961139045015
2017-10-23T06:00:00,Temp-JZ,23.692073855951218
2017-10-23T07:00:00,Temp-JZ,30.59593780917993
2017-10-23T08:00:00,Temp-JZ,25.86221463207665
2017-10-23T09:00:00,Temp-JZ,27.364604407221233
2017-10-23T10:00:00,Temp-JZ,22.145704739756823
2017-10-23T11:00:00,Temp-JZ,21.291971315244957
2017-10-23T12:00:00,Temp-JZ,25.439199393090302
2017-10-23T13:00:00,Temp-JZ,22.168106557945695
2017-10-23T14:00:00,Temp-JZ,25.282551474874122
2017-10-23T15:00:00,Temp-JZ,19.276479493787384
2017-10-23T16:00:00,Temp-JZ,8.259735765378057
2017-10-23T17:00:00,Temp-JZ,7.390415130484067
2017-10-23T18:00:00,Temp-JZ,9.130867260102196
2017-10-23T19:00:00,Temp-JZ,7.1501795000748585
2017-10-23T20:00:00,Temp-JZ,7.047951535925708
2017-10-23T21:00:00,Temp-JZ,6.099258057632136
2017-10-23T22:00:00,Temp-JZ,5.851269852897277
2017-10-23T23:00:00,Temp-JZ,4.670318035054304
2017-10-24T00:00:00,Temp-JZ,4.037707549144821
2017-10-24T01:00:00,Temp-JZ,5.157114963604087
2017-10-24T02:00:00,Temp-JZ,4.896859872383576
2017-10-24T03:00:00,Temp-JZ,3.47729066061535
2017-10-24T04:00:00,Temp-JZ,4.2486543814299935
2017-10-24T05:00:00,Temp-JZ,3.9879893498251002
2017-10-24T06:00:00,Temp-JZ,15.625431586428249
2017-10-24T07:00:00,Temp-JZ,16.706498314190153
2017-10-24T08:00:00,Temp-JZ,20.402894362471194
2017-10-24T09:00:00,Temp-JZ,22.75387791623837
2017-10-24T10:00:00,Temp-JZ,15.952855439844061
2017-10-24T11:00:00,Temp-JZ,17.611084297159078
2017-10-24T12:00:00,Temp-JZ,20.94735785401344
2017-10-24T13:00:00,Temp-JZ,21.70289772450308
2017-10-24T14:00:00,Temp-JZ,18.581978172311562
2017-10-24T15:00:00,Temp-JZ,16.345306168497295
2017-10-24T16:00:00,Temp-JZ,4.608336921836587
2017-10-24T17:00:00,Temp-JZ,3.4035902499032904
2017-10-24T18:00:00,Temp-JZ,2.156239526240868
2017-10-24T19:00:00,Temp-JZ,1.2878993830483503
2017-10-24T20:00:00,Temp-JZ,0.038424491760849167
2017-10-24T21:00:00,Temp-JZ,-0.9383721581546629
2017-10-24T22:00:00,Temp-JZ,-1.6144288585765927
2017-10-24T23:00:00,Temp-JZ,-2.364510128141937
2017-10-25T00:00:00,Temp-JZ,-3.335537884745593
2017-10-25T01:00:00,Temp-JZ,-4.862776479566717
2017-10-25T02:00:00,Temp-JZ,-5.833444598909685
2017-10-25T03:00:00,Temp-JZ,-5.439682608303204
2017-10-25T04:00:00,Temp-JZ,-6.679156149226457
2017-10-25T05:00:00,Temp-JZ,-6.726037321271098
2017-10-25T06:00:00,Temp-JZ,4.82761885298978
2017-10-25T07:00:00,Temp-JZ,8.169499387171564
2017-10-25T08:00:00,Temp-JZ,13.579022244829025
2017-10-25T09:00:00,Temp-JZ,11.277547495019101
2017-10-25T10:00:00,Temp-JZ,14.092709562565988
2017-10-25T11:00:00,Temp-JZ,13.071315130469312
2017-10-25T12:00:00,Temp-JZ,12.173055770206503
2017-10-25T13:00:00,Temp-JZ,11.480865900144384
2017-10-25T14:00:00,Temp-JZ,12.120716998411218
2017-10-25T15:00:00,Temp-JZ,16.566720380874287
2017-10-25T16:00:00,Temp-JZ,3.527874694091636
2017-10-25T17:00:00,Temp-JZ,1.7947174203815703
2017-10-25T18:00:00,Temp-JZ,1.1283653984923323
2017-10-25T19:00:00,Temp-JZ,0.5624453894327852
2017-10-25T20:00:00,Temp-JZ,0.3716035716177941
2017-10-25T21:00:00,Temp-JZ,-1.020630650088099
2017-10-25T22:00:00,Temp-JZ,-1.673866183916799
2017-10-25T23:00:00,Temp-JZ,-2.0744688800129776
2017-10-26T00:00:00,Temp-JZ,-3.1112615950473774
2017-10-26T01:00:00,Temp-JZ,-4.613529803303623
2017-10-26T02:00:00,Temp-JZ,-4.643002129549777
2017-10-26T03:00:00,Temp-JZ,-5.060370748478954
2017-10-26T04:00:00,Temp-JZ,-6.814493709356076
2017-10-26T05:00:00,Temp-JZ,-7.948654340824478
2017-10-26T06:00:00,Temp-JZ,4.083581634848626
2017-10-26T07:00:00,Temp-JZ,4.9497162485732655
2017-10-26T08:00:00,Temp-JZ,5.142315379748692
2017-10-26T09:00:00,Temp-JZ,3.1899148406497737
2017-10-26T10:00:00,Temp-JZ,8.151640497076693
2017-10-26T11:00:00,Temp-JZ,10.237625854826298
2017-10-26T12:00:00,Temp-JZ,10.241924498077838
2017-10-26T13:00:00,Temp-JZ,13.334220196556942
2017-10-26T14:00:00,Temp-JZ,10.85246212037838
2017-10-26T15:00:00,Temp-JZ,8.179375242046767
2017-10-26T16:00:00,Temp-JZ,-2.728808772845184
2017-10-26T17:00:00,Temp-JZ,-4.580706680431131
2017-10-26T18:00:00,Temp-JZ,-4.97289820516791
2017-10-26T19:00:00,Temp-JZ,-5.226432965370474
2017-10-26T20:00:00,Temp-JZ,-7.0241339448711155
2017-10-26T21:00:00,Temp-JZ,-8.660663241500712
2017-10-26T22:00:00,Temp-JZ,-8.75952512224228
2017-10-26T23:00:00,Temp-JZ,-6.8683082887182465
2017-10-27T00:00:00,Temp-JZ,-7.481870633597904
2017-10-27T01:00:00,Temp-JZ,-8.174324995191355
2017-10-27T02:00:00,Temp-JZ,-8.979261575695618
2017-10-27T03:00:00,Temp-JZ,-9.816875148727684
2017-10-27T04:00:00,Temp-JZ,-10.111829421479639
2017-10-27T05:00:00,Temp-JZ,-9.047228048224587
2017-10-27T06:00:00,Temp-JZ,1.1160547219425982
2017-10-27T07:00:00,Temp-JZ,4.413898505177027
2017-10-27T08:00:00,Temp-JZ,3.161976148172556
2017-10-27T09:00:00,Temp-JZ,5.344568716423236
2017-10-27T10:00:00,Temp-JZ,3.4165892845391603
2017-10-27T11:00:00,Temp-JZ,6.2071805299344245
2017-10-27T12:00:00,Temp-JZ,9.13161433210288
2017-10-27T13:00:00,Temp-JZ,9.147838623582345
2017-10-27T14:00:00,Temp-JZ,9.188894230809677
2017-10-27T15:00:00,Temp-JZ,6.43403907697393
2017-10-27T16:00:00,Temp-JZ,-5.279923782602028
2017-10-27T17:00:00,Temp-JZ,-5.014557290124731
2017-10-27T18:00:00,Temp-JZ,-6.59594453744034
2017-10-27T19:00:00,Temp-JZ,-7.323993474230442
2017-10-27T20:00:00,Temp-JZ,-8.29141734634507
2017-10-27T21:00:00,Temp-JZ,-8.557512502828875
2017-10-27T22:00:00,Temp-JZ,-7.446941898961156
2017-10-27T23:00:00,Temp-JZ,-6.481062224587157
2017-10-28T00:00:00,Temp-JZ,-7.772327689281764
2017-10-28T01:00:00,Temp-JZ,-7.352610595589527
2017-10-28T02:00:00,Temp-JZ,-8.956220514011616
2017-10-28T03:00:00,Temp-JZ,-10.745539536525133
2017-10-28T04:00:00,Temp-JZ,-12.172041992017546
2017-10-28T05:00:00,Temp-JZ,-12.192337105821027
2017-10-28T06:00:00,Temp-JZ,-1.2597455600263459
2017-10-28T07:00:00,Temp-JZ,-0.059157341663459206
2017-10-28T08:00:00,Temp-JZ,-1.092764219155164
2017-10-28T09:00:00,Temp-JZ,-1.0760477217275426
2017-10-28T10:00:00,Temp-JZ,-0.554665363899046
2017-10-28T11:00:00,Temp-JZ,1.0011511697578914
2017-10-28T12:00:00,Temp-JZ,-0.9060131727862704
2017-10-28T13:00:00,Temp-JZ,-0.7108318930606377
2017-10-28T14:00:00,Temp-JZ,-1.026413113031193
2017-10-28T15:00:00,Temp-JZ,0.06414821958486883
2017-10-28T16:00:00,Temp-JZ,-11.401262254318151
2017-10-28T17:00:00,Temp-JZ,-10.018676370529592
2017-10-28T18:00:00,Temp-JZ,-8.566915150941593
2017-10-28T19:00:00,Temp-JZ,-9.339963178967103
2017-10-28T20:00:00,Temp-JZ,-9.464111779531821
2017-10-28T21:00:00,Temp-JZ,-8.413190254270127
2017-10-28T22:00:00,Temp-JZ,-8.69396651286751
2017-10-28T23:00:00,Temp-JZ,-8.715696587949358
2017-10-29T00:00:00,Temp-JZ,-9.614427654171875
2017-10-29T01:00:00,Temp-JZ,-9.739304630019843
2017-10-29T02:00:00,Temp-JZ,-9.87033149062141
2017-10-29T03:00:00,Temp-JZ,-11.125308135091226
2017-10-29T04:00:00,Temp-JZ,-12.696901023375975
2017-10-29T05:00:00,Temp-JZ,-13.206498887287738
2017-10-29T06:00:00,Temp-JZ,-1.6881938265248504
2017-10-29T07:00:00,Temp-JZ,-0.093006354822883
2017-10-29T08:00:00,Temp-JZ,1.5059673646593819
2017-10-29T09:00:00,Temp-JZ,2.3510161413399837
2017-10-29T10:00:00,Temp-JZ,0.47450233471145786
2017-10-29T11:00:00,Temp-JZ,0.11533264155416312
2017-10-29T12:00:00,Temp-JZ,1.45291191267167
2017-10-29T13:00:00,Temp-JZ,1.961664090775031
2017-10-29T14:00:00,Temp-JZ,1.7034386591635844
2017-10-29T15:00:00,Temp-JZ,0.8238161441352609
2017-10-29T16:00:00,Temp-JZ,-9.632302601490121
2017-10-29T17:00:00,Temp-JZ,-10.589841377036281
2017-10-29T18:00:00,Temp-JZ,-9.867785790254917
2017-10-29T19:00:00,Temp-JZ,-9.983083289737573
2017-10-29T20:00:00,Temp-JZ,-10.81248367257208
2017-10-29T21:00:00,Temp-JZ,-10.96665783796184
2017-10-29T22:00:00,Temp-JZ,-9.588996985175452
2017-10-29T23:00:00,Temp-JZ,-11.393057078011983
2017-10-30T00:00:00,Temp-JZ,-13.267496386811777
2017-10-30T01:00:00,Temp-JZ,-11.878751935892607
2017-10-30T02:00:00,Temp-JZ,-12.118238250164831
2017-10-30T03:00:00,Temp-JZ,-11.222096315683766
2017-10-30T04:00:00,Temp-JZ,-11.124119956540671
2017-10-30T05:00:00,Temp-JZ,-10.963824642919525
2017-10-30T06:00:00,Temp-JZ,-0.4363615876590732
2017-10-30T07:00:00,Temp-JZ,6.348087353016436
2017-10-30T08:00:00,Temp-JZ,4.990021855033554
2017-10-30T09:00:00,Temp-JZ,7.280011057310559
2017-10-30T10:00:00,Temp-JZ,0.4394942374273949
2017-10-30T11:00:00,Temp-JZ,-0.9525209508961758
2017-10-30T12:00:00,Temp-JZ,3.371806646848132
2017-10-30T13:00:00,Temp-JZ,2.5845397819101534
2017-10-30T14:00:00,Temp-JZ,6.300754435456345
2017-10-30T15:00:00,Temp-JZ,1.3773972309034317
2017-10-30T16:00:00,Temp-JZ,-10.242637075095898
2017-10-30T17:00:00,Temp-JZ,-11.237705929727726
2017-10-30T18:00:00,Temp-JZ,-11.158253252721062
2017-10-30T19:00:00,Temp-JZ,-12.163933405041103
2017-10-30T20:00:00,Temp-JZ,-12.15981022365314
2017-10-30T21:00:00,Temp-JZ,-13.66680436660531
2017-10-30T22:00:00,Temp-JZ,-14.697230339956732
2017-10-30T23:00:00,Temp-JZ,-14.979636811858196
2017-10-31T00:00:00,Temp-JZ,-13.694903063694815
2017-10-31T01:00:00,Temp-JZ,-14.614267965028676
2017-10-31T02:00:00,Temp-JZ,-15.690463443322598
2017-10-31T03:00:00,Temp-JZ,-15.479549774414163
2017-10-31T04:00:00,Temp-JZ,-14.162615026913091
2017-10-31T05:00:00,Temp-JZ,-15.095276575930795
2017-10-31T06:00:00,Temp-JZ,-3.210513271433527
2017-10-31T07:00:00,Temp-JZ,-2.786052845365715
2017-10-31T08:00:00,Temp-JZ,0.8973982826562077
2017-10-31T09:00:00,Temp-JZ,4.651168027176339
2017-10-31T10:00:00,Temp-JZ,-0.9834898207715401
2017-10-31T11:00:00,Temp-JZ,1.9858426417324193
2017-10-31T12:00:00,Temp-JZ,5.010120607279645
2017-10-31T13:00:00,Temp-JZ,6.015610219295928
2017-10-31T14:00:00,Temp-JZ,2.8974853226159603
2017-10-31T15:00:00,Temp-JZ,0.8532114561608246
2017-10-31T16:00:00,Temp-JZ,-10.84553494819291
2017-10-31T17:00:00,Temp-JZ,-10.838424157080867
2017-10-31T18:00:00,Temp-JZ,-8.96819096335103
2017-10-31T19:00:00,Temp-JZ,-9.587446726086062
2017-10-31T20:00:00,Temp-JZ,-10.221310063455604
2017-10-31T21:00:00,Temp-JZ,-8.937334426141152
2017-10-31T22:00:00,Temp-JZ,-10.38574131388625
2017-10-31T23:00:00,Temp-JZ,-12.063929256363883
2017-11-01T00:00:00,Temp-JZ,-12.621111566891527
2017-11-01T01:00:00,Temp-JZ,-13.147303011873165
2017-11-01T02:00:00,Temp-JZ,-14.119339334123755
2017-11-01T03:00:00,Temp-JZ,-12.514348266979756
2017-11-01T04:00:00,Temp-JZ,-11.182973544046723
2017-11-01T05:00:00,Temp-JZ,-11.898137135013314
2017-11-01T06:00:00,Temp-JZ,-1.568765200120648
2017-11-01T07:00:00,Temp-JZ,3.05347484154875
2017-11-01T08:00:00,Temp-JZ,6.432781010848657
2017-11-01T09:00:00,Temp-JZ,2.079226322121954
2017-11-01T10:00:00,Temp-JZ,5.530365480041375
2017-11-01T11:00:00,Temp-JZ,6.026539230630481
2017-11-01T12:00:00,Temp-JZ,5.864474901369872
2017-11-01T13:00:00,Temp-JZ,5.739945887937175
2017-11-01T14:00:00,Temp-JZ,4.658793036201306
2017-11-01T15:00:00,Temp-JZ,6.957708983122141
2017-11-01T16:00:00,Temp-JZ,-6.926829008786345
2017-11-01T17:00:00,Temp-JZ,-6.2781863954704455
2017-11-01T18:00:00,Temp-JZ,-5.566734801848228
2017-11-01T19:00:00,Temp-JZ,-7.024225218672183
2017-11-01T20:00:00,Temp-JZ,-8.137287656956618
2017-11-01T21:00:00,Temp-JZ,-9.940944309290801
2017-11-01T22:00:00,Temp-JZ,-10.701942748548444
2017-11-01T23:00:00,Temp-JZ,-12.250011319070847
2017-11-02T00:00:00,Temp-JZ,-13.018824153812986
2017-11-02T01:00:00,Temp-JZ,-12.11398836316448
2017-11-02T02:00:00,Temp-JZ,-13.587467562923043
2017-11-02T03:00:00,Temp-JZ,-13.50433391768609
2017-11-02T04:00:00,Temp-JZ,-13.949057497703194
2017-11-02T05:00:00,Temp-JZ,-15.37542553397001
2017-11-02T06:00:00,Temp-JZ,-3.037828820637948
2017-11-02T07:00:00,Temp-JZ,-1.873204899943877
2017-11-02T08:00:00,Temp-JZ,0.5293852693863734
2017-11-02T09:00:00,Temp-JZ,-1.7092279926649905
2017-11-02T10:00:00,Temp-JZ,0.6021477976545766
2017-11-02T11:00:00,Temp-JZ,3.6304330984737705
2017-11-02T12:00:00,Temp-JZ,4.5373011862446395
2017-11-02T13:00:00,Temp-JZ,7.809302728602559
2017-11-02T14:00:00,Temp-JZ,4.299316631837662
2017-11-02T15:00:00,Temp-JZ,-0.12593967065113887
2017-11-02T16:00:00,Temp-JZ,-10.36503522337442
2017-11-02T17:00:00,Temp-JZ,-9.870026978323622
2017-11-02T18:00:00,Temp-JZ,-11.868901703097984
2017-11-02T19:00:00,Temp-JZ,-11.643019241952409
2017-11-02T20:00:00,Temp-JZ,-13.14661145394626
2017-11-02T21:00:00,Temp-JZ,-14.46592875890345
2017-11-02T22:00:00,Temp-JZ,-14.089394413593052
2017-11-02T23:00:00,Temp-JZ,-15.150755984443714
2017-11-03T00:00:00,Temp-JZ,-13.538763285643945
2017-11-03T01:00:00,Temp-JZ,-12.15517383061211
2017-11-03T02:00:00,Temp-JZ,-13.893314068470415
2017-11-03T03:00:00,Temp-JZ,-12.08654636484983
2017-11-03T04:00:00,Temp-JZ,-13.554563981673283
2017-11-03T05:00:00,Temp-JZ,-12.679858183921416
2017-11-03T06:00:00,Temp-JZ,-0.7498304263894546
2017-11-03T07:00:00,Temp-JZ,2.2670848743804313
2017-11-03T08:00:00,Temp-JZ,2.862084264695765
2017-11-03T09:00:00,Temp-JZ,5.145832573273804
2017-11-03T10:00:00,Temp-JZ,2.940960499303669
2017-11-03T11:00:00,Temp-JZ,5.018015662495701
2017-11-03T12:00:00,Temp-JZ,7.031651727471937
2017-11-03T13:00:00,Temp-JZ,5.322161512586224
2017-11-03T14:00:00,Temp-JZ,4.71375649126869
2017-11-03T15:00:00,Temp-JZ,3.6259825567493866
2017-11-03T16:00:00,Temp-JZ,-6.340738372381093
2017-11-03T17:00:00,Temp-JZ,-6.7628437437032165
2017-11-03T18:00:00,Temp-JZ,-5.597664541619513
2017-11-03T19:00:00,Temp-JZ,-5.801624532520941
2017-11-03T20:00:00,Temp-JZ,-5.802227834483217
2017-11-03T21:00:00,Temp-JZ,-6.403312401470733
2017-11-03T22:00:00,Temp-JZ,-8.19598393593901
2017-11-03T23:00:00,Temp-JZ,-8.308456881532853
2017-11-04T00:00:00,Temp-JZ,-7.061554587402619
2017-11-04T01:00:00,Temp-JZ,-8.194971719532944
2017-11-04T02:00:00,Temp-JZ,-10.051585943758415
2017-11-04T03:00:00,Temp-JZ,-8.779003380621734
2017-11-04T04:00:00,Temp-JZ,-7.069422903900522
2017-11-04T05:00:00,Temp-JZ,-7.834337454582667
2017-11-04T06:00:00,Temp-JZ,2.263651439758549
2017-11-04T07:00:00,Temp-JZ,1.8186974959116426
2017-11-04T08:00:00,Temp-JZ,3.1317643720802772
2017-11-04T09:00:00,Temp-JZ,5.10907290363896
2017-11-04T10:00:00,Temp-JZ,4.008866809741139
2017-11-04T11:00:00,Temp-JZ,4.80550702255479
2017-11-04T12:00:00,Temp-JZ,5.207624750804669
2017-11-04T13:00:00,Temp-JZ,6.0427534842312
2017-11-04T14:00:00,Temp-JZ,7.054398584836655
2017-11-04T15:00:00,Temp-JZ,8.089794569118586
2017-11-04T16:00:00,Temp-JZ,-2.2736574595403116
2017-11-04T17:00:00,Temp-JZ,-2.5581116595644637
2017-11-04T18:00:00,Temp-JZ,-3.1887254701468537
2017-11-04T19:00:00,Temp-JZ,-3.8579350538944874
2017-11-04T20:00:00,Temp-JZ,-4.764819245472147
2017-11-04T21:00:00,Temp-JZ,-6.156581903335707
2017-11-04T22:00:00,Temp-JZ,-7.619376436154144
2017-11-04T23:00:00,Temp-JZ,-9.611881703663684
2017-11-05T00:00:00,Temp-JZ,-9.156859552406546
2017-11-05T01:00:00,Temp-JZ,-11.000904384385022
2017-11-05T02:00:00,Temp-JZ,-10.663078154195134
2017-11-05T03:00:00,Temp-JZ,-10.98459374220197
2017-11-05T04:00:00,Temp-JZ,-12.42881002596015
2017-11-05T05:00:00,Temp-JZ,-12.663873518023635
2017-11-05T06:00:00,Temp-JZ,-1.646169962481526
2017-11-05T07:00:00,Temp-JZ,-1.254269031103112
2017-11-05T08:00:00,Temp-JZ,-0.9470241589769799
2017-11-05T09:00:00,Temp-JZ,0.31562683552870396
2017-11-05T10:00:00,Temp-JZ,1.86774770795925
2017-11-05T11:00:00,Temp-JZ,3.3954786945722937
2017-11-05T12:00:00,Temp-JZ,1.7916672727692067
2017-11-05T13:00:00,Temp-JZ,0.852767934694981
2017-11-05T14:00:00,Temp-JZ,2.552083093202314
2017-11-05T15:00:00,Temp-JZ,3.8338648700807605
2017-11-05T16:00:00,Temp-JZ,-6.992058698316128
2017-11-05T17:00:00,Temp-JZ,-6.009161829934072
2017-11-05T18:00:00,Temp-JZ,-6.417242574643568
2017-11-05T19:00:00,Temp-JZ,-4.486179845669283
2017-11-05T20:00:00,Temp-JZ,-4.956458556986629
2017-11-05T21:00:00,Temp-JZ,-5.89618793454474
2017-11-05T22:00:00,Temp-JZ,-6.050278203289785
2017-11-05T23:00:00,Temp-JZ,-7.600400835181306
2017-11-06T00:00:00,Temp-JZ,-6.325854341342535
2017-11-06T01:00:00,Temp-JZ,-8.0942780101806
2017-11-06T02:00:00,Temp-JZ,-9.655861124037857
2017-11-06T03:00:00,Temp-JZ,-9.750909150962396
2017-11-06T04:00:00,Temp-JZ,-10.771613116436818
2017-11-06T05:00:00,Temp-JZ,-12.596097724762819
2017-11-06T06:00:00,Temp-JZ,-2.0661296401051104
2017-11-06T07:00:00,Temp-JZ,5.023384690195869
2017-11-06T08:00:00,Temp-JZ,1.12674114988998
2017-11-06T09:00:00,Temp-JZ,2.2622517107231532
2017-11-06T10:00:00,Temp-JZ,-2.841258220485255
2017-11-06T11:00:00,Temp-JZ,-1.4880273467638325
2017-11-06T12:00:00,Temp-JZ,4.418543254969807
2017-11-06T13:00:00,Temp-JZ,3.7632186064128397
2017-11-06T14:00:00,Temp-JZ,7.15486022122959
2017-11-06T15:00:00,Temp-JZ,2.0306902357550305
2017-11-06T16:00:00,Temp-JZ,-8.325320587946752
2017-11-06T17:00:00,Temp-JZ,-9.05043354189916
2017-11-06T18:00:00,Temp-JZ,-9.067135256627166
2017-11-06T19:00:00,Temp-JZ,-9.29003124118659
2017-11-06T20:00:00,Temp-JZ,-8.13352034665361
2017-11-06T21:00:00,Temp-JZ,-8.59804872585146
2017-11-06T22:00:00,Temp-JZ,-8.031138277455817
2017-11-06T23:00:00,Temp-JZ,-9.888720712587727
2017-11-07T00:00:00,Temp-JZ,-10.916479358564272
2017-11-07T01:00:00,Temp-JZ,-9.474383136707276
2017-11-07T02:00:00,Temp-JZ,-9.882583736794048
2017-11-07T03:00:00,Temp-JZ,-10.128712952279857
2017-11-07T04:00:00,Temp-JZ,-10.162804081130911
2017-11-07T05:00:00,Temp-JZ,-9.487850276240597
2017-11-07T06:00:00,Temp-JZ,-1.4399462074361882
2017-11-07T07:00:00,Temp-JZ,-2.966494837662321
2017-11-07T08:00:00,Temp-JZ,1.463090710034133
2017-11-07T09:00:00,Temp-JZ,5.937423092325566
2017-11-07T10:00:00,Temp-JZ,0.1940246327418702
2017-11-07T11:00:00,Temp-JZ,3.1562930105226643
2017-11-07T12:00:00,Temp-JZ,3.2348268196517322
2017-11-07T13:00:00,Temp-JZ,7.22651933315905
2017-11-07T14:00:00,Temp-JZ,2.47562167800195
2017-11-07T15:00:00,Temp-JZ,1.1678558513380768
2017-11-07T16:00:00,Temp-JZ,-10.119006644788723
2017-11-07T17:00:00,Temp-JZ,-10.156017804202122
2017-11-07T18:00:00,Temp-JZ,-11.94644844678288
2017-11-07T19:00:00,Temp-JZ,-12.864195564031567
2017-11-07T20:00:00,Temp-JZ,-13.227527919340304
2017-11-07T21:00:00,Temp-JZ,-13.889944965195443
2017-11-07T22:00:00,Temp-JZ,-14.4358177727797
2017-11-07T23:00:00,Temp-JZ,-15.042994704055197
2017-11-08T00:00:00,Temp-JZ,-15.838651831332086
2017-11-08T01:00:00,Temp-JZ,-14.083596095277741
2017-11-08T02:00:00,Temp-JZ,-14.389768659320316
2017-11-08T03:00:00,Temp-JZ,-16.12779659797688
2017-11-08T04:00:00,Temp-JZ,-14.422083848795737
2017-11-08T05:00:00,Temp-JZ,-16.21679099498517
2017-11-08T06:00:00,Temp-JZ,-4.984720753660266
2017-11-08T07:00:00,Temp-JZ,-2.0274417853922704
2017-11-08T08:00:00,Temp-JZ,2.5341360068656322
2017-11-08T09:00:00,Temp-JZ,-0.6946978938267443
2017-11-08T10:00:00,Temp-JZ,2.2582022479157224
2017-11-08T11:00:00,Temp-JZ,2.8016550489108405
2017-11-08T12:00:00,Temp-JZ,2.278398274296172
2017-11-08T13:00:00,Temp-JZ,2.481720037622024
2017-11-08T14:00:00,Temp-JZ,1.4161997384406817
2017-11-08T15:00:00,Temp-JZ,6.379734329308563
2017-11-08T16:00:00,Temp-JZ,-6.1665904678701455
2017-11-08T17:00:00,Temp-JZ,-8.05187828692683
2017-11-08T18:00:00,Temp-JZ,-9.125274120732215
2017-11-08T19:00:00,Temp-JZ,-7.127742943605013
2017-11-08T20:00:00,Temp-JZ,-5.843567308523187
2017-11-08T21:00:00,Temp-JZ,-6.541097659900016
2017-11-08T22:00:00,Temp-JZ,-7.045923550669944
2017-11-08T23:00:00,Temp-JZ,-8.713150956313124
2017-11-09T00:00:00,Temp-JZ,-9.535994473969902
2017-11-09T01:00:00,Temp-JZ,-10.316285831793326
2017-11-09T02:00:00,Temp-JZ,-10.565880023544807
2017-11-09T03:00:00,Temp-JZ,-9.326707839694505
2017-11-09T04:00:00,Temp-JZ,-9.7553446826837
2017-11-09T05:00:00,Temp-JZ,-10.872490806120064
2017-11-09T06:00:00,Temp-JZ,1.1240945162931146
2017-11-09T07:00:00,Temp-JZ,1.3165831247270976
2017-11-09T08:00:00,Temp-JZ,3.21816308229218
2017-11-09T09:00:00,Temp-JZ,-0.14177311270153048
2017-11-09T10:00:00,Temp-JZ,5.108796539188064
2017-11-09T11:00:00,Temp-JZ,8.371024673760818
2017-11-09T12:00:00,Temp-JZ,8.318701539908044
2017-11-09T13:00:00,Temp-JZ,9.656264888956066
2017-11-09T14:00:00,Temp-JZ,7.223627511431497
2017-11-09T15:00:00,Temp-JZ,5.97949879045674
2017-11-09T16:00:00,Temp-JZ,-3.3331054223292798
2017-11-09T17:00:00,Temp-JZ,-5.064345331114706
2017-11-09T18:00:00,Temp-JZ,-6.5117524566843965
2017-11-09T19:00:00,Temp-JZ,-6.1851533431521135
2017-11-09T20:00:00,Temp-JZ,-6.823850171630542
2017-11-09T21:00:00,Temp-JZ,-5.244662460656697
2017-11-09T22:00:00,Temp-JZ,-6.761498624783083
2017-11-09T23:00:00,Temp-JZ,-7.194138201691176
2017-11-10T00:00:00,Temp-JZ,-8.455431056333092
2017-11-10T01:00:00,Temp-JZ,-7.653014108869473
2017-11-10T02:00:00,Temp-JZ,-8.691911180054198
2017-11-10T03:00:00,Temp-JZ,-7.135948812246996
2017-11-10T04:00:00,Temp-JZ,-8.406781806239229
2017-11-10T05:00:00,Temp-JZ,-10.098812024528138
2017-11-10T06:00:00,Temp-JZ,0.8816294726349625
2017-11-10T07:00:00,Temp-JZ,5.1310661235777
2017-11-10T08:00:00,Temp-JZ,7.221259226031912
2017-11-10T09:00:00,Temp-JZ,9.931610421644779
2017-11-10T10:00:00,Temp-JZ,6.5106125238881685
2017-11-10T11:00:00,Temp-JZ,9.772606192671715
2017-11-10T12:00:00,Temp-JZ,9.379506500433491
2017-11-10T13:00:00,Temp-JZ,8.906990555830241
2017-11-10T14:00:00,Temp-JZ,6.417115435278307
2017-11-10T15:00:00,Temp-JZ,5.565663190275421
2017-11-10T16:00:00,Temp-JZ,-4.600552440306019
2017-11-10T17:00:00,Temp-JZ,-3.9607274110049713
2017-11-10T18:00:00,Temp-JZ,-2.301807102712769
2017-11-10T19:00:00,Temp-JZ,-3.6508417276890333
2017-11-10T20:00:00,Temp-JZ,-1.818966024470012
2017-11-10T21:00:00,Temp-JZ,-2.9002854311327617
2017-11-10T22:00:00,Temp-JZ,-4.191346275995105
2017-11-10T23:00:00,Temp-JZ,-5.254685239338748
2017-11-11T00:00:00,Temp-JZ,-7.185604297176054
2017-11-11T01:00:00,Temp-JZ,-6.516322127489252
2017-11-11T02:00:00,Temp-JZ,-6.80860763145409
2017-11-11T03:00:00,Temp-JZ,-8.722716894927808
2017-11-11T04:00:00,Temp-JZ,-7.902567637198112
2017-11-11T05:00:00,Temp-JZ,-8.781696794202052
2017-11-11T06:00:00,Temp-JZ,1.8956876433186007
2017-11-11T07:00:00,Temp-JZ,0.03905938777790574
2017-11-11T08:00:00,Temp-JZ,1.7541322554177299
2017-11-11T09:00:00,Temp-JZ,2.315967096458313
2017-11-11T10:00:00,Temp-JZ,3.7994070166420215
2017-11-11T11:00:00,Temp-JZ,2.5475410432403933
2017-11-11T12:00:00,Temp-JZ,1.6651146952089668
2017-11-11T13:00:00,Temp-JZ,-0.21096837777667155
2017-11-11T14:00:00,Temp-JZ,0.23429864847615178
2017-11-11T15:00:00,Temp-JZ,1.7372066169611173
2017-11-11T16:00:00,Temp-JZ,-9.930505240516467
2017-11-11T17:00:00,Temp-JZ,-10.520733351523788
2017-11-11T18:00:00,Temp-JZ,-11.02998397890991
2017-11-11T19:00:00,Temp-JZ,-10.949875154749597
2017-11-11T20:00:00,Temp-JZ,-9.88485701603912
2017-11-11T21:00:00,Temp-JZ,-9.240076298424324
2017-11-11T22:00:00,Temp-JZ,-9.255506469412827
2017-11-11T23:00:00,Temp-JZ,-9.748132288522346
2017-11-12T00:00:00,Temp-JZ,-10.445575883667471
2017-11-12T01:00:00,Temp-JZ,-9.470166714379104
2017-11-12T02:00:00,Temp-JZ,-10.313889169668801
2017-11-12T03:00:00,Temp-JZ,-10.831204767804943
2017-11-12T04:00:00,Temp-JZ,-11.049683955791721
2017-11-12T05:00:00,Temp-JZ,-10.723565644176283
2017-11-12T06:00:00,Temp-JZ,-1.1432007461504305
2017-11-12T07:00:00,Temp-JZ,-0.024739056577875118
2017-11-12T08:00:00,Temp-JZ,1.229230648591777
2017-11-12T09:00:00,Temp-JZ,2.2507033099528595
2017-11-12T10:00:00,Temp-JZ,2.6749043947488653
2017-11-12T11:00:00,Temp-JZ,3.680208281320411
2017-11-12T12:00:00,Temp-JZ,4.356300364523227
2017-11-12T13:00:00,Temp-JZ,4.539768563380725
2017-11-12T14:00:00,Temp-JZ,5.809807008519038
2017-11-12T15:00:00,Temp-JZ,6.761567545963762
2017-11-12T16:00:00,Temp-JZ,-5.094136053667714
2017-11-12T17:00:00,Temp-JZ,-4.62011872186599
2017-11-12T18:00:00,Temp-JZ,-6.038325932967341
2017-11-12T19:00:00,Temp-JZ,-5.926722993202268
2017-11-12T20:00:00,Temp-JZ,-5.9882741812997065
2017-11-12T21:00:00,Temp-JZ,-7.345602732472237
2017-11-12T22:00:00,Temp-JZ,-8.358649116842564
2017-11-12T23:00:00,Temp-JZ,-9.213702487468618
2017-11-13T00:00:00,Temp-JZ,-10.802678328775947
2017-11-13T01:00:00,Temp-JZ,-9.059623928654943
2017-11-13T02:00:00,Temp-JZ,-10.87259181762672
2017-11-13T03:00:00,Temp-JZ,-11.146470877154472
2017-11-13T04:00:00,Temp-JZ,-12.892395773861876
2017-11-13T05:00:00,Temp-JZ,-14.676831861614994
2017-11-13T06:00:00,Temp-JZ,-4.486871396949761
2017-11-13T07:00:00,Temp-JZ,3.2970979118701154
2017-11-13T08:00:00,Temp-JZ,0.26713320395243256
2017-11-13T09:00:00,Temp-JZ,4.134131356391998
2017-11-13T10:00:00,Temp-JZ,-1.5053397431321507
2017-11-13T11:00:00,Temp-JZ,0.3398184227212937
2017-11-13T12:00:00,Temp-JZ,4.482243424382187
2017-11-13T13:00:00,Temp-JZ,3.2539675800137533
2017-11-13T14:00:00,Temp-JZ,6.864194366230004
2017-11-13T15:00:00,Temp-JZ,3.402127284964667
2017-11-13T16:00:00,Temp-JZ,-8.368327635128743
2017-11-13T17:00:00,Temp-JZ,-8.783975142940726
2017-11-13T18:00:00,Temp-JZ,-7.085152191823301
2017-11-13T19:00:00,Temp-JZ,-5.162632258377187
2017-11-13T20:00:00,Temp-JZ,-6.380910427020379
2017-11-13T21:00:00,Temp-JZ,-7.140061209717497
2017-11-13T22:00:00,Temp-JZ,-6.310866862192109
2017-11-13T23:00:00,Temp-JZ,-6.058864907872893
2017-11-14T00:00:00,Temp-JZ,-6.163346611721038
2017-11-14T01:00:00,Temp-JZ,-6.99017495439479
2017-11-14T02:00:00,Temp-JZ,-7.706214104678919
2017-11-14T03:00:00,Temp-JZ,-9.06437694671195
2017-11-14T04:00:00,Temp-JZ,-9.297330303516194
2017-11-14T05:00:00,Temp-JZ,-8.778221778056174
2017-11-14T06:00:00,Temp-JZ,1.0978541246678795
2017-11-14T07:00:00,Temp-JZ,1.860970735856391
2017-11-14T08:00:00,Temp-JZ,7.108548135161012
2017-11-14T09:00:00,Temp-JZ,11.493638499181028
2017-11-14T10:00:00,Temp-JZ,6.404254262147423
2017-11-14T11:00:00,Temp-JZ,9.465358630780543
2017-11-14T12:00:00,Temp-JZ,11.844863284433787
2017-11-14T13:00:00,Temp-JZ,14.696981494983557
2017-11-14T14:00:00,Temp-JZ,12.918149138629541
2017-11-14T15:00:00,Temp-JZ,10.935485941612871
2017-11-14T16:00:00,Temp-JZ,-0.30201999743492824
2017-11-14T17:00:00,Temp-JZ,-1.274240574194628
2017-11-14T18:00:00,Temp-JZ,-1.7550227213623102
2017-11-14T19:00:00,Temp-JZ,-2.0015111498540366
2017-11-14T20:00:00,Temp-JZ,-2.044187302083634
2017-11-14T21:00:00,Temp-JZ,-1.0498336871448501
2017-11-14T22:00:00,Temp-JZ,-2.9273917391715543
2017-11-14T23:00:00,Temp-JZ,-3.676434424978317
2017-11-15T00:00:00,Temp-JZ,-2.8759609513423094
2017-11-15T01:00:00,Temp-JZ,-1.2783233611250924
2017-11-15T02:00:00,Temp-JZ,0.2573836444076958
2017-11-15T03:00:00,Temp-JZ,-0.934585545928075
2017-11-15T04:00:00,Temp-JZ,-0.5208404137939584
2017-11-15T05:00:00,Temp-JZ,-0.056656764814772886
2017-11-15T06:00:00,Temp-JZ,10.475075673719802
2017-11-15T07:00:00,Temp-JZ,14.501144358618726
2017-11-15T08:00:00,Temp-JZ,19.83361008952425
2017-11-15T09:00:00,Temp-JZ,15.946002828283246
2017-11-15T10:00:00,Temp-JZ,19.941554275182863
2017-11-15T11:00:00,Temp-JZ,20.41331586382593
2017-11-15T12:00:00,Temp-JZ,19.310378166422723
2017-11-15T13:00:00,Temp-JZ,17.791191911769076
2017-11-15T14:00:00,Temp-JZ,17.320800592968098
2017-11-15T15:00:00,Temp-JZ,22.348580233324164
2017-11-15T16:00:00,Temp-JZ,8.151227424179243
2017-11-15T17:00:00,Temp-JZ,7.712716127523538
2017-11-15T18:00:00,Temp-JZ,6.788789290449198
2017-11-15T19:00:00,Temp-JZ,4.845723686835259
2017-11-15T20:00:00,Temp-JZ,6.559679372252617
2017-11-15T21:00:00,Temp-JZ,7.196475820417381
2017-11-15T22:00:00,Temp-JZ,6.636252885859179
2017-11-15T23:00:00,Temp-JZ,5.708938681414851
2017-11-16T00:00:00,Temp-JZ,5.430373106449838
2017-11-16T01:00:00,Temp-JZ,5.679689376273524
2017-11-16T02:00:00,Temp-JZ,7.336452160628219
2017-11-16T03:00:00,Temp-JZ,6.0567450289316085
2017-11-16T04:00:00,Temp-JZ,5.294274284337114
2017-11-16T05:00:00,Temp-JZ,3.600084674950958
2017-11-16T06:00:00,Temp-JZ,14.93551045751217
2017-11-16T07:00:00,Temp-JZ,13.901135908750971
2017-11-16T08:00:00,Temp-JZ,15.852351464571534
2017-11-16T09:00:00,Temp-JZ,13.309904078021056
2017-11-16T10:00:00,Temp-JZ,15.61465835769103
2017-11-16T11:00:00,Temp-JZ,17.53551398534123
2017-11-16T12:00:00,Temp-JZ,17.805147349157956
2017-11-16T13:00:00,Temp-JZ,20.228192814985196
2017-11-16T14:00:00,Temp-JZ,16.330370986878993
2017-11-16T15:00:00,Temp-JZ,14.57641948220855
2017-11-16T16:00:00,Temp-JZ,4.644414686236269
2017-11-16T17:00:00,Temp-JZ,3.98671494322389
2017-11-16T18:00:00,Temp-JZ,2.5749376927475716
2017-11-16T19:00:00,Temp-JZ,0.725328387588889
2017-11-16T20:00:00,Temp-JZ,0.708698887900886
2017-11-16T21:00:00,Temp-JZ,-1.2512779044502378
2017-11-16T22:00:00,Temp-JZ,-1.888864770007537
2017-11-16T23:00:00,Temp-JZ,-2.571469821131155
2017-11-17T00:00:00,Temp-JZ,-1.527499827891212
2017-11-17T01:00:00,Temp-JZ,-1.4365867811194353
2017-11-17T02:00:00,Temp-JZ,-2.3677791562117227
2017-11-17T03:00:00,Temp-JZ,-0.7669018938865924
2017-11-17T04:00:00,Temp-JZ,0.320692525040976
2017-11-17T05:00:00,Temp-JZ,0.03183129675749785
2017-11-17T06:00:00,Temp-JZ,10.33989059596781
2017-11-17T07:00:00,Temp-JZ,14.828274693296265
2017-11-17T08:00:00,Temp-JZ,15.331337935997967
2017-11-17T09:00:00,Temp-JZ,17.1286029552818
2017-11-17T10:00:00,Temp-JZ,15.817158585498763
2017-11-17T11:00:00,Temp-JZ,18.717676660205182
2017-11-17T12:00:00,Temp-JZ,18.880086118178816
2017-11-17T13:00:00,Temp-JZ,17.941782231657477
2017-11-17T14:00:00,Temp-JZ,14.737047391295215
2017-11-17T15:00:00,Temp-JZ,12.783798177585124
2017-11-17T16:00:00,Temp-JZ,2.102763923526949
2017-11-17T17:00:00,Temp-JZ,1.195573170463793
2017-11-17T18:00:00,Temp-JZ,-0.21686319276370525
2017-11-17T19:00:00,Temp-JZ,1.7302010130078755
2017-11-17T20:00:00,Temp-JZ,1.5933844985306427
2017-11-17T21:00:00,Temp-JZ,0.12084834491483498
2017-11-17T22:00:00,Temp-JZ,1.0068176676371612
2017-11-17T23:00:00,Temp-JZ,-0.5416965156448028
2017-11-18T00:00:00,Temp-JZ,-1.850097289814552
2017-11-18T01:00:00,Temp-JZ,-2.8159205194241634
2017-11-18T02:00:00,Temp-JZ,-4.32302005073942
2017-11-18T03:00:00,Temp-JZ,-2.7633407562617966
2017-11-18T04:00:00,Temp-JZ,-1.7725880470228073
2017-11-18T05:00:00,Temp-JZ,-2.803222163410033
2017-11-18T06:00:00,Temp-JZ,8.055406915154622
2017-11-18T07:00:00,Temp-JZ,8.327700387485212
2017-11-18T08:00:00,Temp-JZ,9.944644662950271
2017-11-18T09:00:00,Temp-JZ,8.87975875843085
2017-11-18T10:00:00,Temp-JZ,9.073155033433464
2017-11-18T11:00:00,Temp-JZ,9.19927288287744
2017-11-18T12:00:00,Temp-JZ,8.432388497558543
2017-11-18T13:00:00,Temp-JZ,7.5017308745151965
2017-11-18T14:00:00,Temp-JZ,6.991621368709177
2017-11-18T15:00:00,Temp-JZ,7.3610511389563875
2017-11-18T16:00:00,Temp-JZ,-3.8085170571438685
2017-11-18T17:00:00,Temp-JZ,-3.9494396767377653
2017-11-18T18:00:00,Temp-JZ,-2.5308905510337527
2017-11-18T19:00:00,Temp-JZ,-4.27108901611197
2017-11-18T20:00:00,Temp-JZ,-5.387512789033158
2017-11-18T21:00:00,Temp-JZ,-3.556639347153393
2017-11-18T22:00:00,Temp-JZ,-4.911934388087093
2017-11-18T23:00:00,Temp-JZ,-5.46161204401793
2017-11-19T00:00:00,Temp-JZ,-5.928540007942961
2017-11-19T01:00:00,Temp-JZ,-4.715768381357116
2017-11-19T02:00:00,Temp-JZ,-5.55216049839863
2017-11-19T03:00:00,Temp-JZ,-6.790241062823341
2017-11-19T04:00:00,Temp-JZ,-6.41281221478984
2017-11-19T05:00:00,Temp-JZ,-8.204306116404732
2017-11-19T06:00:00,Temp-JZ,3.290220066859985
2017-11-19T07:00:00,Temp-JZ,4.638854973499083
2017-11-19T08:00:00,Temp-JZ,6.343684604227309
2017-11-19T09:00:00,Temp-JZ,6.602545424709906
2017-11-19T10:00:00,Temp-JZ,5.4279649464801185
2017-11-19T11:00:00,Temp-JZ,5.8222338067588995
2017-11-19T12:00:00,Temp-JZ,6.796749279279419
2017-11-19T13:00:00,Temp-JZ,8.704520516177448
2017-11-19T14:00:00,Temp-JZ,10.114051760003077
2017-11-19T15:00:00,Temp-JZ,10.626151940194946
2017-11-19T16:00:00,Temp-JZ,0.5304291893288766
2017-11-19T17:00:00,Temp-JZ,0.2765591606674096
2017-11-19T18:00:00,Temp-JZ,-1.0953429412070554
2017-11-19T19:00:00,Temp-JZ,-2.5055640069610323
2017-11-19T20:00:00,Temp-JZ,-3.4501054390655947
2017-11-19T21:00:00,Temp-JZ,-4.302405975100606
2017-11-19T22:00:00,Temp-JZ,-5.965124309946799
2017-11-19T23:00:00,Temp-JZ,-4.157108537026521
2017-11-20T00:00:00,Temp-JZ,-2.554792236468347
2017-11-20T01:00:00,Temp-JZ,-4.254404394281476
2017-11-20T02:00:00,Temp-JZ,-5.304092595577606
2017-11-20T03:00:00,Temp-JZ,-5.926110929162876
2017-11-20T04:00:00,Temp-JZ,-6.537070820383911
2017-11-20T05:00:00,Temp-JZ,-6.7836939024009935
2017-11-20T06:00:00,Temp-JZ,3.5460960003083892
2017-11-20T07:00:00,Temp-JZ,8.50754831907172
2017-11-20T08:00:00,Temp-JZ,4.745247226141853
2017-11-20T09:00:00,Temp-JZ,5.447986907570445
2017-11-20T10:00:00,Temp-JZ,1.6607401266259636
2017-11-20T11:00:00,Temp-JZ,1.8966629259949563
2017-11-20T12:00:00,Temp-JZ,7.978678417621048
2017-11-20T13:00:00,Temp-JZ,7.437898678543235
2017-11-20T14:00:00,Temp-JZ,11.346437427423991
2017-11-20T15:00:00,Temp-JZ,6.854863017995906
2017-11-20T16:00:00,Temp-JZ,-4.06161281053052
2017-11-20T17:00:00,Temp-JZ,-3.38740396797054
2017-11-20T18:00:00,Temp-JZ,-3.5275870956544817
2017-11-20T19:00:00,Temp-JZ,-4.988348119360294
2017-11-20T20:00:00,Temp-JZ,-4.653040335534668
2017-11-20T21:00:00,Temp-JZ,-5.676320795935862
2017-11-20T22:00:00,Temp-JZ,-7.1076761740935765
2017-11-20T23:00:00,Temp-JZ,-8.233210614511702
2017-11-21T00:00:00,Temp-JZ,-6.523043699000891
2017-11-21T01:00:00,Temp-JZ,-6.681016278696503
2017-11-21T02:00:00,Temp-JZ,-5.756059259445596
2017-11-21T03:00:00,Temp-JZ,-5.845117992043452
2017-11-21T04:00:00,Temp-JZ,-5.694715603450005
2017-11-21T05:00:00,Temp-JZ,-5.930072960802064
2017-11-21T06:00:00,Temp-JZ,4.990456327942684
2017-11-21T07:00:00,Temp-JZ,6.976831064068649
2017-11-21T08:00:00,Temp-JZ,10.932210134447933
2017-11-21T09:00:00,Temp-JZ,11.900978303145765
2017-11-21T10:00:00,Temp-JZ,7.012517141433487
2017-11-21T11:00:00,Temp-JZ,9.238069903852944
2017-11-21T12:00:00,Temp-JZ,12.046610595756308
2017-11-21T13:00:00,Temp-JZ,14.347377219125072
2017-11-21T14:00:00,Temp-JZ,11.698457929326777
2017-11-21T15:00:00,Temp-JZ,9.7921806024275
2017-11-21T16:00:00,Temp-JZ,-1.3794480366755226
2017-11-21T17:00:00,Temp-JZ,-2.032146390464815
2017-11-21T18:00:00,Temp-JZ,-3.5474264314298742
2017-11-21T19:00:00,Temp-JZ,-3.7297820510363273
2017-11-21T20:00:00,Temp-JZ,-3.844144492793044
2017-11-21T21:00:00,Temp-JZ,-3.037534996354994
2017-11-21T22:00:00,Temp-JZ,-4.858381222906091
2017-11-21T23:00:00,Temp-JZ,-4.214627180971325
2017-11-22T00:00:00,Temp-JZ,-5.867008622941882
2017-11-22T01:00:00,Temp-JZ,-7.559830318519584
2017-11-22T02:00:00,Temp-JZ,-9.24076627143361
2017-11-22T03:00:00,Temp-JZ,-8.568102778883334
2017-11-22T04:00:00,Temp-JZ,-8.942354715745815
2017-11-22T05:00:00,Temp-JZ,-9.769763710399566
2017-11-22T06:00:00,Temp-JZ,0.32925546286673146
2017-11-22T07:00:00,Temp-JZ,4.851448326358252
2017-11-22T08:00:00,Temp-JZ,9.70112810606301
2017-11-22T09:00:00,Temp-JZ,7.227562988765156
2017-11-22T10:00:00,Temp-JZ,10.321400462426567
2017-11-22T11:00:00,Temp-JZ,7.865253354711052
2017-11-22T12:00:00,Temp-JZ,7.128460656967209
2017-11-22T13:00:00,Temp-JZ,7.537054999350238
2017-11-22T14:00:00,Temp-JZ,7.538658652496325
2017-11-22T15:00:00,Temp-JZ,11.142631879233562
2017-11-22T16:00:00,Temp-JZ,-3.90682517079927
2017-11-22T17:00:00,Temp-JZ,-5.64973666933078
2017-11-22T18:00:00,Temp-JZ,-6.72805859113093
2017-11-22T19:00:00,Temp-JZ,-5.809617822943956
2017-11-22T20:00:00,Temp-JZ,-6.486652455180056
2017-11-22T21:00:00,Temp-JZ,-6.43325118548987
2017-11-22T22:00:00,Temp-JZ,-6.989220922055896
2017-11-22T23:00:00,Temp-JZ,-8.893221508041123
2017-11-23T00:00:00,Temp-JZ,-9.823284498971152
2017-11-23T01:00:00,Temp-JZ,-11.565883137814629
2017-11-23T02:00:00,Temp-JZ,-11.61267642514628
2017-11-23T03:00:00,Temp-JZ,-11.116708675492603
2017-11-23T04:00:00,Temp-JZ,-10.013504325618772
2017-11-23T05:00:00,Temp-JZ,-9.559170908952161
2017-11-23T06:00:00,Temp-JZ,3.5327968740618925
2017-11-23T07:00:00,Temp-JZ,3.0482850303487368
2017-11-23T08:00:00,Temp-JZ,5.985141066747826
2017-11-23T09:00:00,Temp-JZ,3.0268177357043244
2017-11-23T10:00:00,Temp-JZ,7.857933044458436
2017-11-23T11:00:00,Temp-JZ,9.686976466453183
2017-11-23T12:00:00,Temp-JZ,7.019065713571139
2017-11-23T13:00:00,Temp-JZ,9.30860736659469
2017-11-23T14:00:00,Temp-JZ,5.702534403457284
2017-11-23T15:00:00,Temp-JZ,1.728700567145431
2017-11-23T16:00:00,Temp-JZ,-9.379495989840901
2017-11-23T17:00:00,Temp-JZ,-10.051292669229138
2017-11-23T18:00:00,Temp-JZ,-11.362974114160691
2017-11-23T19:00:00,Temp-JZ,-13.332955883648383
2017-11-23T20:00:00,Temp-JZ,-13.172714086160878
2017-11-23T21:00:00,Temp-JZ,-15.122297306288713
2017-11-23T22:00:00,Temp-JZ,-15.808892541005276
2017-11-23T23:00:00,Temp-JZ,-16.626450936354185
2017-11-24T00:00:00,Temp-JZ,-16.23772913231198
2017-11-24T01:00:00,Temp-JZ,-17.391781997147127
2017-11-24T02:00:00,Temp-JZ,-16.311305581643524
2017-11-24T03:00:00,Temp-JZ,-17.29486964009198
2017-11-24T04:00:00,Temp-JZ,-16.02883712799527
2017-11-24T05:00:00,Temp-JZ,-15.540249302222648
2017-11-24T06:00:00,Temp-JZ,-4.601631695400878
2017-11-24T07:00:00,Temp-JZ,-0.786232418095699
2017-11-24T08:00:00,Temp-JZ,1.1428412427337822
2017-11-24T09:00:00,Temp-JZ,3.8051148228198386
2017-11-24T10:00:00,Temp-JZ,2.661663509367573
2017-11-24T11:00:00,Temp-JZ,5.612070781737129
2017-11-24T12:00:00,Temp-JZ,8.430459830338858
2017-11-24T13:00:00,Temp-JZ,4.998793195029066
2017-11-24T14:00:00,Temp-JZ,3.6659817448832266
2017-11-24T15:00:00,Temp-JZ,2.2491199650333957
2017-11-24T16:00:00,Temp-JZ,-7.089190687281293
2017-11-24T17:00:00,Temp-JZ,-6.454611768237293
2017-11-24T18:00:00,Temp-JZ,-5.4418059694445695
2017-11-24T19:00:00,Temp-JZ,-7.4092257140970315
2017-11-24T20:00:00,Temp-JZ,-7.754604036270199
2017-11-24T21:00:00,Temp-JZ,-6.95651184286068
2017-11-24T22:00:00,Temp-JZ,-6.631323206710678
2017-11-24T23:00:00,Temp-JZ,-8.044831706996828
2017-11-25T00:00:00,Temp-JZ,-6.106456584586654
2017-11-25T01:00:00,Temp-JZ,-6.14372675257662
2017-11-25T02:00:00,Temp-JZ,-7.696547348522233
2017-11-25T03:00:00,Temp-JZ,-8.979578765099262
2017-11-25T04:00:00,Temp-JZ,-9.69483431423668
2017-11-25T05:00:00,Temp-JZ,-10.995025380716855
2017-11-25T06:00:00,Temp-JZ,0.07783730445053472
2017-11-25T07:00:00,Temp-JZ,0.8620673704725164
2017-11-25T08:00:00,Temp-JZ,1.3879127454537805
2017-11-25T09:00:00,Temp-JZ,1.5579200029604081
2017-11-25T10:00:00,Temp-JZ,2.6513098717131873
2017-11-25T11:00:00,Temp-JZ,2.2780948928869478
2017-11-25T12:00:00,Temp-JZ,4.23468588628265
2017-11-25T13:00:00,Temp-JZ,3.9357128423995533
2017-11-25T14:00:00,Temp-JZ,5.661004871231443
2017-11-25T15:00:00,Temp-JZ,7.448698604307227
2017-11-25T16:00:00,Temp-JZ,-4.530828825595687
2017-11-25T17:00:00,Temp-JZ,-5.162082828122502
2017-11-25T18:00:00,Temp-JZ,-4.284918639025589
2017-11-25T19:00:00,Temp-JZ,-4.517322360786711
2017-11-25T20:00:00,Temp-JZ,-5.483537620533861
2017-11-25T21:00:00,Temp-JZ,-5.778323409623562
2017-11-25T22:00:00,Temp-JZ,-7.213881810481451
2017-11-25T23:00:00,Temp-JZ,-8.806167040508948
2017-11-26T00:00:00,Temp-JZ,-7.550681333492528
2017-11-26T01:00:00,Temp-JZ,-9.073650485294845
2017-11-26T02:00:00,Temp-JZ,-9.929498969973924
2017-11-26T03:00:00,Temp-JZ,-8.494991366401916
2017-11-26T04:00:00,Temp-JZ,-10.462632348989352
2017-11-26T05:00:00,Temp-JZ,-11.656696759309117
2017-11-26T06:00:00,Temp-JZ,-2.8343119335337406
2017-11-26T07:00:00,Temp-JZ,-1.5652010655958364
2017-11-26T08:00:00,Temp-JZ,-0.9644241932097728
2017-11-26T09:00:00,Temp-JZ,-1.2540257204570047
2017-11-26T10:00:00,Temp-JZ,0.6740936888810705
2017-11-26T11:00:00,Temp-JZ,2.4994584013966588
2017-11-26T12:00:00,Temp-JZ,4.0324627108507025
2017-11-26T13:00:00,Temp-JZ,5.176462511156802
2017-11-26T14:00:00,Temp-JZ,6.986753773173936
2017-11-26T15:00:00,Temp-JZ,6.228634513957896
2017-11-26T16:00:00,Temp-JZ,-4.160187039335679
2017-11-26T17:00:00,Temp-JZ,-4.96693374289438
2017-11-26T18:00:00,Temp-JZ,-5.152808267249124
2017-11-26T19:00:00,Temp-JZ,-6.9633362887035135
2017-11-26T20:00:00,Temp-JZ,-7.094562711728685
2017-11-26T21:00:00,Temp-JZ,-8.937019789044308
2017-11-26T22:00:00,Temp-JZ,-10.53651594305687
2017-11-26T23:00:00,Temp-JZ,-9.224180033685652
2017-11-27T00:00:00,Temp-JZ,-9.6363708258632
2017-11-27T01:00:00,Temp-JZ,-8.94538233943382
2017-11-27T02:00:00,Temp-JZ,-10.314932070201992
2017-11-27T03:00:00,Temp-JZ,-10.105853743773965
2017-11-27T04:00:00,Temp-JZ,-9.662262355055404
2017-11-27T05:00:00,Temp-JZ,-8.77942928540342
2017-11-27T06:00:00,Temp-JZ,1.3611796149712703
2017-11-27T07:00:00,Temp-JZ,6.9274986830956875
2017-11-27T08:00:00,Temp-JZ,3.24971718010355
2017-11-27T09:00:00,Temp-JZ,7.259419061765025
2017-11-27T10:00:00,Temp-JZ,1.3955260230961226
2017-11-27T11:00:00,Temp-JZ,2.563595666627698
2017-11-27T12:00:00,Temp-JZ,5.579410717383203
2017-11-27T13:00:00,Temp-JZ,4.827993674793138
2017-11-27T14:00:00,Temp-JZ,8.949882292655149
2017-11-27T15:00:00,Temp-JZ,5.083808744983548
2017-11-27T16:00:00,Temp-JZ,-4.497511026503683
2017-11-27T17:00:00,Temp-JZ,-5.217860401587384
2017-11-27T18:00:00,Temp-JZ,-5.118316776233323
2017-11-27T19:00:00,Temp-JZ,-4.840578076929264
2017-11-27T20:00:00,Temp-JZ,-4.1276299442607804
2017-11-27T21:00:00,Temp-JZ,-3.021300360991718
2017-11-27T22:00:00,Temp-JZ,-3.4963266446632106
2017-11-27T23:00:00,Temp-JZ,-4.311308725514007
2017-11-28T00:00:00,Temp-JZ,-4.836393719586725
2017-11-28T01:00:00,Temp-JZ,-6.004850793948343
2017-11-28T02:00:00,Temp-JZ,-6.916199496790139
2017-11-28T03:00:00,Temp-JZ,-5.073876690483621
2017-11-28T04:00:00,Temp-JZ,-5.817250139873411
2017-11-28T05:00:00,Temp-JZ,-5.049770005793682
2017-11-28T06:00:00,Temp-JZ,6.935297456470735
2017-11-28T07:00:00,Temp-JZ,7.701911220211325
2017-11-28T08:00:00,Temp-JZ,12.524355189053892
2017-11-28T09:00:00,Temp-JZ,13.910806771776821
2017-11-28T10:00:00,Temp-JZ,8.175080851019262
2017-11-28T11:00:00,Temp-JZ,8.463684089230064
2017-11-28T12:00:00,Temp-JZ,12.020988051663158
2017-11-28T13:00:00,Temp-JZ,16.345334171392707
2017-11-28T14:00:00,Temp-JZ,13.52921189770082
2017-11-28T15:00:00,Temp-JZ,10.84096658725219
2017-11-28T16:00:00,Temp-JZ,-0.8017360528448518
2017-11-28T17:00:00,Temp-JZ,0.16940477766993434
2017-11-28T18:00:00,Temp-JZ,-1.051642076954575
2017-11-28T19:00:00,Temp-JZ,-1.6785683627531602
2017-11-28T20:00:00,Temp-JZ,-3.236868742029139
2017-11-28T21:00:00,Temp-JZ,-1.6064877265416955
2017-11-28T22:00:00,Temp-JZ,-1.709238182208651
2017-11-28T23:00:00,Temp-JZ,-0.39394497662247385
2017-11-29T00:00:00,Temp-JZ,-1.0155243812846877
2017-11-29T01:00:00,Temp-JZ,-1.5557408112974829
2017-11-29T02:00:00,Temp-JZ,-3.3204777786139346
2017-11-29T03:00:00,Temp-JZ,-2.4400285784958378
2017-11-29T04:00:00,Temp-JZ,-3.677138953342009
2017-11-29T05:00:00,Temp-JZ,-3.8682601895523083
2017-11-29T06:00:00,Temp-JZ,7.676663689148023
2017-11-29T07:00:00,Temp-JZ,12.263965326594537
2017-11-29T08:00:00,Temp-JZ,16.880305613257917
2017-11-29T09:00:00,Temp-JZ,14.836083066818386
2017-11-29T10:00:00,Temp-JZ,17.152183875759125
2017-11-29T11:00:00,Temp-JZ,16.215896150491744
2017-11-29T12:00:00,Temp-JZ,14.881255032385383
2017-11-29T13:00:00,Temp-JZ,13.369692417093741
2017-11-29T14:00:00,Temp-JZ,13.386131665791261
2017-11-29T15:00:00,Temp-JZ,18.171902789422848
2017-11-29T16:00:00,Temp-JZ,5.781161915163195
2017-11-29T17:00:00,Temp-JZ,5.525450069614566
2017-11-29T18:00:00,Temp-JZ,4.190871537625274
2017-11-29T19:00:00,Temp-JZ,4.3648738902729365
2017-11-29T20:00:00,Temp-JZ,3.0247448098240466
2017-11-29T21:00:00,Temp-JZ,2.54677913662222
2017-11-29T22:00:00,Temp-JZ,2.573754034560669
2017-11-29T23:00:00,Temp-JZ,1.146035609121444
2017-11-30T00:00:00,Temp-JZ,0.3247013423199758
2017-11-30T01:00:00,Temp-JZ,-0.5659046971136448
2017-11-30T02:00:00,Temp-JZ,-1.7638251141148535
2017-11-30T03:00:00,Temp-JZ,-3.256174343972087
2017-11-30T04:00:00,Temp-JZ,-4.760220953909534
2017-11-30T05:00:00,Temp-JZ,-4.847133518635696
2017-11-30T06:00:00,Temp-JZ,7.254869992467544
2017-11-30T07:00:00,Temp-JZ,8.626174868284188
2017-11-30T08:00:00,Temp-JZ,12.514418248193921
2017-11-30T09:00:00,Temp-JZ,7.346041064093651
2017-11-30T10:00:00,Temp-JZ,11.056979205953745
2017-11-30T11:00:00,Temp-JZ,10.712309174948546
2017-11-30T12:00:00,Temp-JZ,11.033604771109003
2017-11-30T13:00:00,Temp-JZ,11.199755161256551
2017-11-30T14:00:00,Temp-JZ,8.962903847428452
2017-11-30T15:00:00,Temp-JZ,6.28113185611256
2017-11-30T16:00:00,Temp-JZ,-5.341048834370004
2017-11-30T17:00:00,Temp-JZ,-6.363177351209796
2017-11-30T18:00:00,Temp-JZ,-7.77994884085289
2017-11-30T19:00:00,Temp-JZ,-7.2083006057762535
2017-11-30T20:00:00,Temp-JZ,-8.737141239217161
2017-11-30T21:00:00,Temp-JZ,-10.691859932567572
2017-11-30T22:00:00,Temp-JZ,-9.061869736035915
2017-11-30T23:00:00,Temp-JZ,-10.505705073199906
2017-12-01T00:00:00,Temp-JZ,-10.472710099650149
2017-12-01T01:00:00,Temp-JZ,-10.590670065168753
2017-12-01T02:00:00,Temp-JZ,-9.443315229882293
2017-12-01T03:00:00,Temp-JZ,-10.908232165750004
2017-12-01T04:00:00,Temp-JZ,-12.06598058862421
2017-12-01T05:00:00,Temp-JZ,-13.6019517643098
2017-12-01T06:00:00,Temp-JZ,-3.5884662191194003
2017-12-01T07:00:00,Temp-JZ,-0.6721822087203209
2017-12-01T08:00:00,Temp-JZ,-2.1213770653277866
2017-12-01T09:00:00,Temp-JZ,0.3527379201463372
2017-12-01T10:00:00,Temp-JZ,-1.8806665230938115
2017-12-01T11:00:00,Temp-JZ,1.8084369069458253
2017-12-01T12:00:00,Temp-JZ,4.716390066187275
2017-12-01T13:00:00,Temp-JZ,4.204679733488923
2017-12-01T14:00:00,Temp-JZ,4.262207363663607
2017-12-01T15:00:00,Temp-JZ,3.2630933054983924
2017-12-01T16:00:00,Temp-JZ,-5.14514886870438
2017-12-01T17:00:00,Temp-JZ,-6.772367635235224
2017-12-01T18:00:00,Temp-JZ,-6.7791048162484
2017-12-01T19:00:00,Temp-JZ,-7.025403722991363
2017-12-01T20:00:00,Temp-JZ,-7.941341775630118
2017-12-01T21:00:00,Temp-JZ,-8.320518792597827
2017-12-01T22:00:00,Temp-JZ,-9.506834312771586
2017-12-01T23:00:00,Temp-JZ,-9.819086838344983
2017-12-02T00:00:00,Temp-JZ,-8.127015075387085
2017-12-02T01:00:00,Temp-JZ,-8.780457400283645
2017-12-02T02:00:00,Temp-JZ,-9.611437659449418
2017-12-02T03:00:00,Temp-JZ,-9.021565603162527
2017-12-02T04:00:00,Temp-JZ,-8.108097425720437
2017-12-02T05:00:00,Temp-JZ,-9.810527224522705
2017-12-02T06:00:00,Temp-JZ,1.6046478681103586
2017-12-02T07:00:00,Temp-JZ,3.445450445767287
2017-12-02T08:00:00,Temp-JZ,4.789155533801715
2017-12-02T09:00:00,Temp-JZ,5.299740419864899
2017-12-02T10:00:00,Temp-JZ,5.7323946893369895
2017-12-02T11:00:00,Temp-JZ,5.267212032760294
2017-12-02T12:00:00,Temp-JZ,6.120530765670768
2017-12-02T13:00:00,Temp-JZ,7.952516563923796
2017-12-02T14:00:00,Temp-JZ,8.782684795541607
2017-12-02T15:00:00,Temp-JZ,9.76643319918036
2017-12-02T16:00:00,Temp-JZ,-1.3766427244174244
2017-12-02T17:00:00,Temp-JZ,-3.1265884232729553
2017-12-02T18:00:00,Temp-JZ,-1.4140656885341925
2017-12-02T19:00:00,Temp-JZ,-3.294789693232505
2017-12-02T20:00:00,Temp-JZ,-4.650546851000416
2017-12-02T21:00:00,Temp-JZ,-4.86420256699886
2017-12-02T22:00:00,Temp-JZ,-5.209634765767571
2017-12-02T23:00:00,Temp-JZ,-6.841724456750056
2017-12-03T00:00:00,Temp-JZ,-6.013769122026957
2017-12-03T01:00:00,Temp-JZ,-7.963947640247909
2017-12-03T02:00:00,Temp-JZ,-9.024214429798104
2017-12-03T03:00:00,Temp-JZ,-10.459797417624431
2017-12-03T04:00:00,Temp-JZ,-10.340315383471067
2017-12-03T05:00:00,Temp-JZ,-10.477983686445064
2017-12-03T06:00:00,Temp-JZ,0.5684645951451568
2017-12-03T07:00:00,Temp-JZ,-0.7572117087948573
2017-12-03T08:00:00,Temp-JZ,1.1914141167883656
2017-12-03T09:00:00,Temp-JZ,2.957502087925196
2017-12-03T10:00:00,Temp-JZ,3.5630823431276735
2017-12-03T11:00:00,Temp-JZ,4.08906999488211
2017-12-03T12:00:00,Temp-JZ,6.047598044661158
2017-12-03T13:00:00,Temp-JZ,6.627556280328351
2017-12-03T14:00:00,Temp-JZ,6.0506274647730605
2017-12-03T15:00:00,Temp-JZ,4.3518537273779865
2017-12-03T16:00:00,Temp-JZ,-4.518582333816875
