TS	Name	Temperature
2017-10-23T01:00:00	Temp-SS	18.949862328758037
2017-10-23T02:00:00	Temp-SS	19.784832288401685
2017-10-23T03:00:00	Temp-SS	20.93157298375926
2017-10-23T04:00:00	Temp-SS	21.037940064169398
2017-10-23T05:00:00	Temp-SS	20.467990282479114
2017-10-23T06:00:00	Temp-SS	35.664221972509395
2017-10-23T07:00:00	Temp-SS	31.179140851454253
2017-10-23T08:00:00	Temp-SS	32.47036540698472
2017-10-23T09:00:00	Temp-SS	38.87672997396105
2017-10-23T10:00:00	Temp-SS	38.64139333268694
2017-10-23T11:00:00	Temp-SS	34.52713083838839
2017-10-23T12:00:00	Temp-SS	36.62788209352603
2017-10-23T13:00:00	Temp-SS	34.82092339614625
2017-10-23T14:00:00	Temp-SS	37.525135137475004
2017-10-23T15:00:00	Temp-SS	32.06124613466038
2017-10-23T16:00:00	Temp-SS	23.644149858797174
2017-10-23T17:00:00	Temp-SS	23.95378138588929
2017-10-23T18:00:00	Temp-SS	22.379109649607337
2017-10-23T19:00:00	Temp-SS	20.71424946773641
2017-10-23T20:00:00	Temp-SS	20.60332210048395
2017-10-23T21:00:00	Temp-SS	18.807597657312726
2017-10-23T22:00:00	Temp-SS	18.952174508668673
2017-10-23T23:00:00	Temp-SS	19.705312815528014
2017-10-24T00:00:00	Temp-SS	18.76641026862184
2017-10-24T01:00:00	Temp-SS	17.730107945371483
2017-10-24T02:00:00	Temp-SS	17.296428895881817
2017-10-24T03:00:00	Temp-SS	16.34179675851718
2017-10-24T04:00:00	Temp-SS	14.937349340669549
2017-10-24T05:00:00	Temp-SS	14.239061842389583
2017-10-24T06:00:00	Temp-SS	23.001466549219042
2017-10-24T07:00:00	Temp-SS	23.767815062267005
2017-10-24T08:00:00	Temp-SS	26.480047738923087
2017-10-24T09:00:00	Temp-SS	29.17921266134213
2017-10-24T10:00:00	Temp-SS	29.947876330472493
2017-10-24T11:00:00	Temp-SS	31.538893317609535
2017-10-24T12:00:00	Temp-SS	29.577630766354606
2017-10-24T13:00:00	Temp-SS	36.726421025284175
2017-10-24T14:00:00	Temp-SS	35.288822400919976
2017-10-24T15:00:00	Temp-SS	36.018312427679135
2017-10-24T16:00:00	Temp-SS	20.832285495400875
2017-10-24T17:00:00	Temp-SS	20.689507492684342
2017-10-24T18:00:00	Temp-SS	22.670598902761274
2017-10-24T19:00:00	Temp-SS	21.293859851636917
2017-10-24T20:00:00	Temp-SS	20.17563344233603
2017-10-24T21:00:00	Temp-SS	19.153956419197282
2017-10-24T22:00:00	Temp-SS	17.469996708677403
2017-10-24T23:00:00	Temp-SS	16.203502362002492
2017-10-25T00:00:00	Temp-SS	17.101014437645887
2017-10-25T01:00:00	Temp-SS	17.28614801066644
2017-10-25T02:00:00	Temp-SS	16.657562539394213
2017-10-25T03:00:00	Temp-SS	17.052788945313612
2017-10-25T04:00:00	Temp-SS	16.1941434418065
2017-10-25T05:00:00	Temp-SS	15.403941696200942
2017-10-25T06:00:00	Temp-SS	27.38268920714246
2017-10-25T07:00:00	Temp-SS	30.012803247586696
2017-10-25T08:00:00	Temp-SS	30.557957783802966
2017-10-25T09:00:00	Temp-SS	26.239010151220665
2017-10-25T10:00:00	Temp-SS	31.344251165073516
2017-10-25T11:00:00	Temp-SS	29.80575235505622
2017-10-25T12:00:00	Temp-SS	29.884171181893308
2017-10-25T13:00:00	Temp-SS	29.56429306182933
2017-10-25T14:00:00	Temp-SS	30.785314616169536
2017-10-25T15:00:00	Temp-SS	33.6916977543937
2017-10-25T16:00:00	Temp-SS	20.953168936755514
2017-10-25T17:00:00	Temp-SS	19.380468816675997
2017-10-25T18:00:00	Temp-SS	17.559835204598418
2017-10-25T19:00:00	Temp-SS	16.975554620864322
2017-10-25T20:00:00	Temp-SS	16.66514620512489
2017-10-25T21:00:00	Temp-SS	16.99751699077232
2017-10-25T22:00:00	Temp-SS	15.89756598044626
2017-10-25T23:00:00	Temp-SS	15.826699853828883
2017-10-26T00:00:00	Temp-SS	14.966835236377829
2017-10-26T01:00:00	Temp-SS	16.049747108692593
2017-10-26T02:00:00	Temp-SS	14.30375816106056
2017-10-26T03:00:00	Temp-SS	13.026737288902927
2017-10-26T04:00:00	Temp-SS	12.280100725497782
2017-10-26T05:00:00	Temp-SS	12.626846575684214
2017-10-26T06:00:00	Temp-SS	23.047774800537525
2017-10-26T07:00:00	Temp-SS	23.98154369888294
2017-10-26T08:00:00	Temp-SS	27.948729057936433
2017-10-26T09:00:00	Temp-SS	24.271117623251666
2017-10-26T10:00:00	Temp-SS	28.11894951141383
2017-10-26T11:00:00	Temp-SS	28.944452238439442
2017-10-26T12:00:00	Temp-SS	30.606155797839307
2017-10-26T13:00:00	Temp-SS	29.871622531508315
2017-10-26T14:00:00	Temp-SS	28.310996638088003
2017-10-26T15:00:00	Temp-SS	26.57949416798562
2017-10-26T16:00:00	Temp-SS	15.744904800971312
2017-10-26T17:00:00	Temp-SS	13.87848375849566
2017-10-26T18:00:00	Temp-SS	12.707064740535468
2017-10-26T19:00:00	Temp-SS	11.669435592405211
2017-10-26T20:00:00	Temp-SS	13.190607310301559
2017-10-26T21:00:00	Temp-SS	12.77292701955821
2017-10-26T22:00:00	Temp-SS	12.685517401829937
2017-10-26T23:00:00	Temp-SS	12.22354015561755
2017-10-27T00:00:00	Temp-SS	10.889050918247314
2017-10-27T01:00:00	Temp-SS	10.219356346679621
2017-10-27T02:00:00	Temp-SS	9.434895353614406
2017-10-27T03:00:00	Temp-SS	9.855078114694532
2017-10-27T04:00:00	Temp-SS	9.141155032989712
2017-10-27T05:00:00	Temp-SS	9.31416338114476
2017-10-27T06:00:00	Temp-SS	18.507287404314333
2017-10-27T07:00:00	Temp-SS	22.88524442712734
2017-10-27T08:00:00	Temp-SS	22.123566519227538
2017-10-27T09:00:00	Temp-SS	23.89428412815943
2017-10-27T10:00:00	Temp-SS	27.394212356889437
2017-10-27T11:00:00	Temp-SS	26.204737581604036
2017-10-27T12:00:00	Temp-SS	28.673541546451506
2017-10-27T13:00:00	Temp-SS	26.098947467502693
2017-10-27T14:00:00	Temp-SS	27.47464137747759
2017-10-27T15:00:00	Temp-SS	27.24761139328524
2017-10-27T16:00:00	Temp-SS	15.747561407138516
2017-10-27T17:00:00	Temp-SS	14.516650924608285
2017-10-27T18:00:00	Temp-SS	13.669984643570105
2017-10-27T19:00:00	Temp-SS	13.071843639478478
2017-10-27T20:00:00	Temp-SS	11.625905897118216
2017-10-27T21:00:00	Temp-SS	10.552428482153706
2017-10-27T22:00:00	Temp-SS	9.554240785338814
2017-10-27T23:00:00	Temp-SS	7.710748159132937
2017-10-28T00:00:00	Temp-SS	6.308755616616722
2017-10-28T01:00:00	Temp-SS	4.9829096835929
2017-10-28T02:00:00	Temp-SS	4.659959065029537
2017-10-28T03:00:00	Temp-SS	5.271261126681758
2017-10-28T04:00:00	Temp-SS	6.32630267377502
2017-10-28T05:00:00	Temp-SS	6.7707312562886575
2017-10-28T06:00:00	Temp-SS	17.155318978739288
2017-10-28T07:00:00	Temp-SS	18.865555450497354
2017-10-28T08:00:00	Temp-SS	20.083106298101388
2017-10-28T09:00:00	Temp-SS	19.53352560524057
2017-10-28T10:00:00	Temp-SS	17.74166060875216
2017-10-28T11:00:00	Temp-SS	18.32330473096497
2017-10-28T12:00:00	Temp-SS	17.72200865577404
2017-10-28T13:00:00	Temp-SS	17.989872209565377
2017-10-28T14:00:00	Temp-SS	19.60982317764818
2017-10-28T15:00:00	Temp-SS	20.813635894630867
2017-10-28T16:00:00	Temp-SS	10.341942437212648
2017-10-28T17:00:00	Temp-SS	9.90221805598193
2017-10-28T18:00:00	Temp-SS	9.381626780015422
2017-10-28T19:00:00	Temp-SS	7.613329154467444
2017-10-28T20:00:00	Temp-SS	6.407311951641315
2017-10-28T21:00:00	Temp-SS	6.15431887299104
2017-10-28T22:00:00	Temp-SS	7.213574941052755
2017-10-28T23:00:00	Temp-SS	5.448458072929005
2017-10-29T00:00:00	Temp-SS	6.822842733585807
2017-10-29T01:00:00	Temp-SS	7.452317067727782
2017-10-29T02:00:00	Temp-SS	5.670361680729123
2017-10-29T03:00:00	Temp-SS	4.446396889251545
2017-10-29T04:00:00	Temp-SS	5.451869810965503
2017-10-29T05:00:00	Temp-SS	4.34450912123059
2017-10-29T06:00:00	Temp-SS	12.978217862736255
2017-10-29T07:00:00	Temp-SS	13.37722217105932
2017-10-29T08:00:00	Temp-SS	14.0429402876976
2017-10-29T09:00:00	Temp-SS	14.347838298258358
2017-10-29T10:00:00	Temp-SS	15.204455682904381
2017-10-29T11:00:00	Temp-SS	16.720726991538044
2017-10-29T12:00:00	Temp-SS	15.052044527000845
2017-10-29T13:00:00	Temp-SS	13.377149976021121
2017-10-29T14:00:00	Temp-SS	14.366168979195708
2017-10-29T15:00:00	Temp-SS	14.965708392385729
2017-10-29T16:00:00	Temp-SS	5.00718848387689
2017-10-29T17:00:00	Temp-SS	3.6089599792141986
2017-10-29T18:00:00	Temp-SS	3.2876132950386108
2017-10-29T19:00:00	Temp-SS	2.815260697494723
2017-10-29T20:00:00	Temp-SS	1.8703204689956245
2017-10-29T21:00:00	Temp-SS	2.2627183174388854
2017-10-29T22:00:00	Temp-SS	0.3942841131082808
2017-10-29T23:00:00	Temp-SS	0.2955037592672225
2017-10-30T00:00:00	Temp-SS	-0.6568634138574276
2017-10-30T01:00:00	Temp-SS	-2.4097263491012773
2017-10-30T02:00:00	Temp-SS	-3.619200109745578
2017-10-30T03:00:00	Temp-SS	-5.596724265756036
2017-10-30T04:00:00	Temp-SS	-6.616371565096081
2017-10-30T05:00:00	Temp-SS	-5.153915993791497
2017-10-30T06:00:00	Temp-SS	9.880536837543598
2017-10-30T07:00:00	Temp-SS	6.656316896616723
2017-10-30T08:00:00	Temp-SS	7.475371263861544
2017-10-30T09:00:00	Temp-SS	13.87860421239886
2017-10-30T10:00:00	Temp-SS	14.311883103076863
2017-10-30T11:00:00	Temp-SS	12.637228728285422
2017-10-30T12:00:00	Temp-SS	15.82708619119148
2017-10-30T13:00:00	Temp-SS	12.841198277199185
2017-10-30T14:00:00	Temp-SS	14.008618160897779
2017-10-30T15:00:00	Temp-SS	10.739765082479487
2017-10-30T16:00:00	Temp-SS	2.7207904116024633
2017-10-30T17:00:00	Temp-SS	4.171996571693109
2017-10-30T18:00:00	Temp-SS	3.9726823200708488
2017-10-30T19:00:00	Temp-SS	2.859609519198072
2017-10-30T20:00:00	Temp-SS	1.3329285164239948
2017-10-30T21:00:00	Temp-SS	0.15940829111656152
2017-10-30T22:00:00	Temp-SS	-0.1079427438545646
2017-10-30T23:00:00	Temp-SS	-0.3654975157660596
2017-10-31T00:00:00	Temp-SS	-1.1681245423505568
2017-10-31T01:00:00	Temp-SS	-0.7972301806437772
2017-10-31T02:00:00	Temp-SS	-2.7231798092981725
2017-10-31T03:00:00	Temp-SS	-2.8070835642859464
2017-10-31T04:00:00	Temp-SS	-1.3647638727000202
2017-10-31T05:00:00	Temp-SS	-2.211096260620743
2017-10-31T06:00:00	Temp-SS	8.29248428861285
2017-10-31T07:00:00	Temp-SS	9.838033798646423
2017-10-31T08:00:00	Temp-SS	12.559948145930074
2017-10-31T09:00:00	Temp-SS	13.978253664943054
2017-10-31T10:00:00	Temp-SS	13.061784888231852
2017-10-31T11:00:00	Temp-SS	13.274617288870681
2017-10-31T12:00:00	Temp-SS	11.725658799099566
2017-10-31T13:00:00	Temp-SS	17.199911852574715
2017-10-31T14:00:00	Temp-SS	13.439791989063613
2017-10-31T15:00:00	Temp-SS	12.826535239185901
2017-10-31T16:00:00	Temp-SS	-1.9840817933542212
2017-10-31T17:00:00	Temp-SS	-2.6037693724301927
2017-10-31T18:00:00	Temp-SS	-2.9593311625613
2017-10-31T19:00:00	Temp-SS	-3.621881805961057
2017-10-31T20:00:00	Temp-SS	-5.382200138798727
2017-10-31T21:00:00	Temp-SS	-6.041685014921788
2017-10-31T22:00:00	Temp-SS	-6.252279515684199
2017-10-31T23:00:00	Temp-SS	-7.60752804510731
2017-11-01T00:00:00	Temp-SS	-7.5218363345589765
2017-11-01T01:00:00	Temp-SS	-8.278328577070955
2017-11-01T02:00:00	Temp-SS	-10.178104617468149
2017-11-01T03:00:00	Temp-SS	-11.225510664084366
2017-11-01T04:00:00	Temp-SS	-12.628508565486237
2017-11-01T05:00:00	Temp-SS	-14.617957497825754
2017-11-01T06:00:00	Temp-SS	-2.305903578960686
2017-11-01T07:00:00	Temp-SS	0.5553039253566947
2017-11-01T08:00:00	Temp-SS	2.455012234325934
2017-11-01T09:00:00	Temp-SS	-0.9703231805051278
2017-11-01T10:00:00	Temp-SS	5.570161623573655
2017-11-01T11:00:00	Temp-SS	3.354244668687589
2017-11-01T12:00:00	Temp-SS	4.446250184585951
2017-11-01T13:00:00	Temp-SS	4.116310109024347
2017-11-01T14:00:00	Temp-SS	4.854997716124146
2017-11-01T15:00:00	Temp-SS	7.008172908071863
2017-11-01T16:00:00	Temp-SS	-6.603482451279763
2017-11-01T17:00:00	Temp-SS	-7.516480806834125
2017-11-01T18:00:00	Temp-SS	-7.90933084950443
2017-11-01T19:00:00	Temp-SS	-9.719900450731163
2017-11-01T20:00:00	Temp-SS	-9.133541232178999
2017-11-01T21:00:00	Temp-SS	-10.257582092589136
2017-11-01T22:00:00	Temp-SS	-12.156978584476143
2017-11-01T23:00:00	Temp-SS	-13.673231202456046
2017-11-02T00:00:00	Temp-SS	-13.544463550821783
2017-11-02T01:00:00	Temp-SS	-14.693970422965233
2017-11-02T02:00:00	Temp-SS	-15.343366780430715
2017-11-02T03:00:00	Temp-SS	-16.089199702130525
2017-11-02T04:00:00	Temp-SS	-14.473772159809801
2017-11-02T05:00:00	Temp-SS	-15.558194547895651
2017-11-02T06:00:00	Temp-SS	-5.374818913095446
2017-11-02T07:00:00	Temp-SS	-4.84380230459335
2017-11-02T08:00:00	Temp-SS	-0.7428421595581716
2017-11-02T09:00:00	Temp-SS	-3.101899981042859
2017-11-02T10:00:00	Temp-SS	0.895637607116597
2017-11-02T11:00:00	Temp-SS	3.958669690454057
2017-11-02T12:00:00	Temp-SS	5.772094581979299
2017-11-02T13:00:00	Temp-SS	6.286276574387214
2017-11-02T14:00:00	Temp-SS	1.5013211248719291
2017-11-02T15:00:00	Temp-SS	0.7880273623376954
2017-11-02T16:00:00	Temp-SS	-10.040207966626234
2017-11-02T17:00:00	Temp-SS	-11.344058102956996
2017-11-02T18:00:00	Temp-SS	-11.269489361710413
2017-11-02T19:00:00	Temp-SS	-12.656832202298474
2017-11-02T20:00:00	Temp-SS	-12.703046811448896
2017-11-02T21:00:00	Temp-SS	-14.43518889810419
2017-11-02T22:00:00	Temp-SS	-14.257545912593415
2017-11-02T23:00:00	Temp-SS	-12.939623084712753
2017-11-03T00:00:00	Temp-SS	-12.629554158250459
2017-11-03T01:00:00	Temp-SS	-11.730330118850523
2017-11-03T02:00:00	Temp-SS	-10.311460858012342
2017-11-03T03:00:00	Temp-SS	-10.257241395785346
2017-11-03T04:00:00	Temp-SS	-12.230225400278343
2017-11-03T05:00:00	Temp-SS	-10.716399582782596
2017-11-03T06:00:00	Temp-SS	-0.004587948289310972
2017-11-03T07:00:00	Temp-SS	1.6329670024429312
2017-11-03T08:00:00	Temp-SS	1.3688365105146194
2017-11-03T09:00:00	Temp-SS	-0.22967804243014522
2017-11-03T10:00:00	Temp-SS	1.5823896906975323
2017-11-03T11:00:00	Temp-SS	0.7424533359932943
2017-11-03T12:00:00	Temp-SS	3.1602547510061676
2017-11-03T13:00:00	Temp-SS	1.6693137841756451
2017-11-03T14:00:00	Temp-SS	2.5053871468999174
2017-11-03T15:00:00	Temp-SS	1.1381347977125076
2017-11-03T16:00:00	Temp-SS	-8.522799962412808
2017-11-03T17:00:00	Temp-SS	-6.763282576565431
2017-11-03T18:00:00	Temp-SS	-8.44023025469331
2017-11-03T19:00:00	Temp-SS	-9.086966731921471
2017-11-03T20:00:00	Temp-SS	-8.284979422573882
2017-11-03T21:00:00	Temp-SS	-10.020312034513882
2017-11-03T22:00:00	Temp-SS	-11.525804554726742
2017-11-03T23:00:00	Temp-SS	-11.929978956312405
2017-11-04T00:00:00	Temp-SS	-13.020399977006637
2017-11-04T01:00:00	Temp-SS	-14.75561373512268
2017-11-04T02:00:00	Temp-SS	-16.440500816050154
2017-11-04T03:00:00	Temp-SS	-15.118441062564882
2017-11-04T04:00:00	Temp-SS	-16.89360470463934
2017-11-04T05:00:00	Temp-SS	-16.96776751094177
2017-11-04T06:00:00	Temp-SS	-6.437800747139274
2017-11-04T07:00:00	Temp-SS	-5.7507402753374315
2017-11-04T08:00:00	Temp-SS	-5.4442113360509214
2017-11-04T09:00:00	Temp-SS	-4.770102587958352
2017-11-04T10:00:00	Temp-SS	-4.174996350183466
2017-11-04T11:00:00	Temp-SS	-3.8920257292431035
2017-11-04T12:00:00	Temp-SS	-3.657269651043123
2017-11-04T13:00:00	Temp-SS	-2.6361081150564942
2017-11-04T14:00:00	Temp-SS	-2.386761220013499
2017-11-04T15:00:00	Temp-SS	-1.7732592860947474
2017-11-04T16:00:00	Temp-SS	-9.901501644897465
2017-11-04T17:00:00	Temp-SS	-9.420870422926265
2017-11-04T18:00:00	Temp-SS	-10.152474583538625
2017-11-04T19:00:00	Temp-SS	-10.001430124525708
2017-11-04T20:00:00	Temp-SS	-8.4374690456429
2017-11-04T21:00:00	Temp-SS	-7.991485328427919
2017-11-04T22:00:00	Temp-SS	-8.951776975899298
2017-11-04T23:00:00	Temp-SS	-9.080657968304298
2017-11-05T00:00:00	Temp-SS	-9.439325380492603
2017-11-05T01:00:00	Temp-SS	-10.676372260605243
2017-11-05T02:00:00	Temp-SS	-9.951381900975932
2017-11-05T03:00:00	Temp-SS	-10.319629794189243
2017-11-05T04:00:00	Temp-SS	-10.066931106751111
2017-11-05T05:00:00	Temp-SS	-10.120129910003364
2017-11-05T06:00:00	Temp-SS	0.33067598019553657
2017-11-05T07:00:00	Temp-SS	2.211207335357231
2017-11-05T08:00:00	Temp-SS	3.715825945946304
2017-11-05T09:00:00	Temp-SS	4.59476906760542
2017-11-05T10:00:00	Temp-SS	4.656175311727864
2017-11-05T11:00:00	Temp-SS	3.5523756571651797
2017-11-05T12:00:00	Temp-SS	3.0290028065327164
2017-11-05T13:00:00	Temp-SS	3.9317194136421243
2017-11-05T14:00:00	Temp-SS	4.384128417759812
2017-11-05T15:00:00	Temp-SS	4.814046810924421
2017-11-05T16:00:00	Temp-SS	-3.337049546779114
2017-11-05T17:00:00	Temp-SS	-4.773298629747305
2017-11-05T18:00:00	Temp-SS	-5.669814864778131
2017-11-05T19:00:00	Temp-SS	-6.865095627111803
2017-11-05T20:00:00	Temp-SS	-8.185638780738806
2017-11-05T21:00:00	Temp-SS	-9.322812604689327
2017-11-05T22:00:00	Temp-SS	-10.532760585964688
2017-11-05T23:00:00	Temp-SS	-10.948780044576953
2017-11-06T00:00:00	Temp-SS	-9.58877195849929
2017-11-06T01:00:00	Temp-SS	-9.395550517617995
2017-11-06T02:00:00	Temp-SS	-8.596639757563748
2017-11-06T03:00:00	Temp-SS	-9.363789793498565
2017-11-06T04:00:00	Temp-SS	-10.723918160664178
2017-11-06T05:00:00	Temp-SS	-11.778464657763367
2017-11-06T06:00:00	Temp-SS	1.1923083886186836
2017-11-06T07:00:00	Temp-SS	-2.2302517351650355
2017-11-06T08:00:00	Temp-SS	-1.5344048533605097
2017-11-06T09:00:00	Temp-SS	4.798165417760009
2017-11-06T10:00:00	Temp-SS	6.823965887921272
2017-11-06T11:00:00	Temp-SS	5.737081085848111
2017-11-06T12:00:00	Temp-SS	6.8864047299750775
2017-11-06T13:00:00	Temp-SS	6.676963612879794
2017-11-06T14:00:00	Temp-SS	9.336013958953655
2017-11-06T15:00:00	Temp-SS	6.124748003780303
2017-11-06T16:00:00	Temp-SS	-3.9252601264239235
2017-11-06T17:00:00	Temp-SS	-4.0108563627290605
2017-11-06T18:00:00	Temp-SS	-5.473159081805986
2017-11-06T19:00:00	Temp-SS	-6.690674544858143
2017-11-06T20:00:00	Temp-SS	-6.844458800528187
2017-11-06T21:00:00	Temp-SS	-8.38595952902072
2017-11-06T22:00:00	Temp-SS	-10.046607998530863
2017-11-06T23:00:00	Temp-SS	-8.096256962194104
2017-11-07T00:00:00	Temp-SS	-9.539965410956384
2017-11-07T01:00:00	Temp-SS	-11.07319011394988
2017-11-07T02:00:00	Temp-SS	-11.121152269079117
2017-11-07T03:00:00	Temp-SS	-9.87284134070474
2017-11-07T04:00:00	Temp-SS	-10.039467210622394
2017-11-07T05:00:00	Temp-SS	-9.594186544586563
2017-11-07T06:00:00	Temp-SS	1.3897670015468684
2017-11-07T07:00:00	Temp-SS	0.5579300672228449
2017-11-07T08:00:00	Temp-SS	2.036702670693381
2017-11-07T09:00:00	Temp-SS	3.441672846337129
2017-11-07T10:00:00	Temp-SS	3.543853690668795
2017-11-07T11:00:00	Temp-SS	4.522840109431388
2017-11-07T12:00:00	Temp-SS	1.4909481255142767
2017-11-07T13:00:00	Temp-SS	8.45096754522208
2017-11-07T14:00:00	Temp-SS	7.166755158401813
2017-11-07T15:00:00	Temp-SS	9.03059528065674
2017-11-07T16:00:00	Temp-SS	-6.84675331598966
2017-11-07T17:00:00	Temp-SS	-7.407734454898032
2017-11-07T18:00:00	Temp-SS	-7.90667340296671
2017-11-07T19:00:00	Temp-SS	-9.38400848383734
2017-11-07T20:00:00	Temp-SS	-9.883324388386798
2017-11-07T21:00:00	Temp-SS	-10.001610743813199
2017-11-07T22:00:00	Temp-SS	-11.534656167920573
2017-11-07T23:00:00	Temp-SS	-13.527538589950119
2017-11-08T00:00:00	Temp-SS	-14.546915287677246
2017-11-08T01:00:00	Temp-SS	-13.33724700794861
2017-11-08T02:00:00	Temp-SS	-15.199286046775054
2017-11-08T03:00:00	Temp-SS	-16.459529637495496
2017-11-08T04:00:00	Temp-SS	-17.652067198329
2017-11-08T05:00:00	Temp-SS	-15.863953199899592
2017-11-08T06:00:00	Temp-SS	-2.3568889783311557
2017-11-08T07:00:00	Temp-SS	-0.9955336326430686
2017-11-08T08:00:00	Temp-SS	2.2745785037475
2017-11-08T09:00:00	Temp-SS	-2.3250259413967154
2017-11-08T10:00:00	Temp-SS	4.229394484815008
2017-11-08T11:00:00	Temp-SS	1.538363693954008
2017-11-08T12:00:00	Temp-SS	-0.2379941861178898
2017-11-08T13:00:00	Temp-SS	1.2983149838114971
2017-11-08T14:00:00	Temp-SS	2.521222424976809
2017-11-08T15:00:00	Temp-SS	2.9999757258519253
2017-11-08T16:00:00	Temp-SS	-11.861885268392736
2017-11-08T17:00:00	Temp-SS	-12.339860364881769
2017-11-08T18:00:00	Temp-SS	-12.35077980072395
2017-11-08T19:00:00	Temp-SS	-10.982177897139199
2017-11-08T20:00:00	Temp-SS	-10.337783337020156
2017-11-08T21:00:00	Temp-SS	-9.621700933917964
2017-11-08T22:00:00	Temp-SS	-9.989258229662944
2017-11-08T23:00:00	Temp-SS	-10.819391582529947
2017-11-09T00:00:00	Temp-SS	-10.960234409760616
2017-11-09T01:00:00	Temp-SS	-12.831920032909034
2017-11-09T02:00:00	Temp-SS	-11.558752470210045
2017-11-09T03:00:00	Temp-SS	-12.867413561577083
2017-11-09T04:00:00	Temp-SS	-14.449013557681969
2017-11-09T05:00:00	Temp-SS	-16.42627918826546
2017-11-09T06:00:00	Temp-SS	-4.716922729138654
2017-11-09T07:00:00	Temp-SS	-4.263845960575166
2017-11-09T08:00:00	Temp-SS	-1.967373661969165
2017-11-09T09:00:00	Temp-SS	-4.583457444850151
2017-11-09T10:00:00	Temp-SS	-0.9503811052286482
2017-11-09T11:00:00	Temp-SS	3.1313629337213627
2017-11-09T12:00:00	Temp-SS	4.462875373690314
2017-11-09T13:00:00	Temp-SS	5.15722994172765
2017-11-09T14:00:00	Temp-SS	1.6631087048299027
2017-11-09T15:00:00	Temp-SS	0.788866337555401
2017-11-09T16:00:00	Temp-SS	-10.462570150427203
2017-11-09T17:00:00	Temp-SS	-9.254959413358655
2017-11-09T18:00:00	Temp-SS	-11.126179934192956
2017-11-09T19:00:00	Temp-SS	-12.915357238968815
2017-11-09T20:00:00	Temp-SS	-13.839554462555602
2017-11-09T21:00:00	Temp-SS	-13.852537619212072
2017-11-09T22:00:00	Temp-SS	-14.272319010034675
2017-11-09T23:00:00	Temp-SS	-12.710601738783598
2017-11-10T00:00:00	Temp-SS	-14.35305776196692
2017-11-10T01:00:00	Temp-SS	-14.926129631454643
2017-11-10T02:00:00	Temp-SS	-13.17875035492666
2017-11-10T03:00:00	Temp-SS	-13.200911380232185
2017-11-10T04:00:00	Temp-SS	-12.286971366859445
2017-11-10T05:00:00	Temp-SS	-10.557308867272164
2017-11-10T06:00:00	Temp-SS	1.3296173366082051
2017-11-10T07:00:00	Temp-SS	4.7718787088821495
2017-11-10T08:00:00	Temp-SS	4.211840538038775
2017-11-10T09:00:00	Temp-SS	3.6407349602629635
2017-11-10T10:00:00	Temp-SS	4.176525858402336
2017-11-10T11:00:00	Temp-SS	4.420261675484644
2017-11-10T12:00:00	Temp-SS	4.89074133342535
2017-11-10T13:00:00	Temp-SS	3.2153394895733856
2017-11-10T14:00:00	Temp-SS	5.743373167204929
2017-11-10T15:00:00	Temp-SS	6.286719408976072
2017-11-10T16:00:00	Temp-SS	-3.3942860922869835
2017-11-10T17:00:00	Temp-SS	-5.076958081599104
2017-11-10T18:00:00	Temp-SS	-6.554704974225745
2017-11-10T19:00:00	Temp-SS	-6.027927575200998
2017-11-10T20:00:00	Temp-SS	-7.5469138477230215
2017-11-10T21:00:00	Temp-SS	-9.227419559242906
2017-11-10T22:00:00	Temp-SS	-9.036961598779042
2017-11-10T23:00:00	Temp-SS	-8.828107022377177
2017-11-11T00:00:00	Temp-SS	-9.015100307889107
2017-11-11T01:00:00	Temp-SS	-9.584748189640555
2017-11-11T02:00:00	Temp-SS	-11.240772521993774
2017-11-11T03:00:00	Temp-SS	-12.144350916136679
2017-11-11T04:00:00	Temp-SS	-10.499269425642694
2017-11-11T05:00:00	Temp-SS	-12.487581272739458
2017-11-11T06:00:00	Temp-SS	-0.6420663430664231
2017-11-11T07:00:00	Temp-SS	0.3532565930387648
2017-11-11T08:00:00	Temp-SS	-0.0865185415843932
2017-11-11T09:00:00	Temp-SS	1.825985497094882
2017-11-11T10:00:00	Temp-SS	3.0490530863899235
2017-11-11T11:00:00	Temp-SS	3.485247081834884
2017-11-11T12:00:00	Temp-SS	3.765402428927323
2017-11-11T13:00:00	Temp-SS	3.421331653913316
2017-11-11T14:00:00	Temp-SS	2.363156246493075
2017-11-11T15:00:00	Temp-SS	2.744019254070813
2017-11-11T16:00:00	Temp-SS	-9.14319079583905
2017-11-11T17:00:00	Temp-SS	-10.798903689327023
2017-11-11T18:00:00	Temp-SS	-11.749033003424719
2017-11-11T19:00:00	Temp-SS	-11.737320275076206
2017-11-11T20:00:00	Temp-SS	-10.179218665558134
2017-11-11T21:00:00	Temp-SS	-11.754993436229814
2017-11-11T22:00:00	Temp-SS	-12.247126770702792
2017-11-11T23:00:00	Temp-SS	-12.779488776085724
2017-11-12T00:00:00	Temp-SS	-11.276798773536253
2017-11-12T01:00:00	Temp-SS	-11.488311762988658
2017-11-12T02:00:00	Temp-SS	-11.793043281749986
2017-11-12T03:00:00	Temp-SS	-13.729536943019541
2017-11-12T04:00:00	Temp-SS	-15.147082817413583
2017-11-12T05:00:00	Temp-SS	-17.00910091281934
2017-11-12T06:00:00	Temp-SS	-5.457905554746571
2017-11-12T07:00:00	Temp-SS	-4.928956295775665
2017-11-12T08:00:00	Temp-SS	-3.316288362541572
2017-11-12T09:00:00	Temp-SS	-2.5724054438498154
2017-11-12T10:00:00	Temp-SS	-3.381870827960073
2017-11-12T11:00:00	Temp-SS	-3.0000196792738087
2017-11-12T12:00:00	Temp-SS	-2.5535845668382873
2017-11-12T13:00:00	Temp-SS	-1.9619789739405693
2017-11-12T14:00:00	Temp-SS	-2.637793816912229
2017-11-12T15:00:00	Temp-SS	-4.5264789586531435
2017-11-12T16:00:00	Temp-SS	-15.657254089751985
2017-11-12T17:00:00	Temp-SS	-13.737244775303212
2017-11-12T18:00:00	Temp-SS	-14.440867403673584
2017-11-12T19:00:00	Temp-SS	-15.3145537318757
2017-11-12T20:00:00	Temp-SS	-14.436913880454735
2017-11-12T21:00:00	Temp-SS	-12.715524471068777
2017-11-12T22:00:00	Temp-SS	-12.56588374896051
2017-11-12T23:00:00	Temp-SS	-11.587884065900127
2017-11-13T00:00:00	Temp-SS	-12.272922963052315
2017-11-13T01:00:00	Temp-SS	-13.598698947939761
2017-11-13T02:00:00	Temp-SS	-13.022280187298117
2017-11-13T03:00:00	Temp-SS	-12.947830988896984
2017-11-13T04:00:00	Temp-SS	-14.575869857019729
2017-11-13T05:00:00	Temp-SS	-15.549502967962985
2017-11-13T06:00:00	Temp-SS	0.9546774340723774
2017-11-13T07:00:00	Temp-SS	-3.1091862993826958
2017-11-13T08:00:00	Temp-SS	-4.948778961168793
2017-11-13T09:00:00	Temp-SS	-0.15773659897369674
2017-11-13T10:00:00	Temp-SS	-1.5361491091174977
2017-11-13T11:00:00	Temp-SS	-4.904826288717302
2017-11-13T12:00:00	Temp-SS	-1.8030607925555566
2017-11-13T13:00:00	Temp-SS	-2.388603060412411
2017-11-13T14:00:00	Temp-SS	0.15123574004111284
2017-11-13T15:00:00	Temp-SS	-3.737731715932192
2017-11-13T16:00:00	Temp-SS	-13.885928448847558
2017-11-13T17:00:00	Temp-SS	-11.952930495920313
2017-11-13T18:00:00	Temp-SS	-11.970038345366174
2017-11-13T19:00:00	Temp-SS	-11.13669293434971
2017-11-13T20:00:00	Temp-SS	-10.75407719916494
2017-11-13T21:00:00	Temp-SS	-10.32079185634753
2017-11-13T22:00:00	Temp-SS	-9.13503746969731
2017-11-13T23:00:00	Temp-SS	-10.367660189398492
2017-11-14T00:00:00	Temp-SS	-11.66854041718147
2017-11-14T01:00:00	Temp-SS	-13.262624844243568
2017-11-14T02:00:00	Temp-SS	-14.351045173076745
2017-11-14T03:00:00	Temp-SS	-14.956346893801946
2017-11-14T04:00:00	Temp-SS	-14.816064476242754
2017-11-14T05:00:00	Temp-SS	-12.875077213045174
2017-11-14T06:00:00	Temp-SS	-2.57824131301364
2017-11-14T07:00:00	Temp-SS	-2.455878123139369
2017-11-14T08:00:00	Temp-SS	0.610067755819576
2017-11-14T09:00:00	Temp-SS	2.4687384869939297
2017-11-14T10:00:00	Temp-SS	2.676517366794284
2017-11-14T11:00:00	Temp-SS	4.648392738758534
2017-11-14T12:00:00	Temp-SS	2.923679481527416
2017-11-14T13:00:00	Temp-SS	7.206935349812163
2017-11-14T14:00:00	Temp-SS	6.182745587831725
2017-11-14T15:00:00	Temp-SS	4.775714264440275
2017-11-14T16:00:00	Temp-SS	-9.253524501854754
2017-11-14T17:00:00	Temp-SS	-9.825584454465291
2017-11-14T18:00:00	Temp-SS	-11.07717152613651
2017-11-14T19:00:00	Temp-SS	-12.104794784003264
2017-11-14T20:00:00	Temp-SS	-11.014993870283124
2017-11-14T21:00:00	Temp-SS	-9.470074505206323
2017-11-14T22:00:00	Temp-SS	-10.714492610683205
2017-11-14T23:00:00	Temp-SS	-11.844267592123813
2017-11-15T00:00:00	Temp-SS	-11.598035591882132
2017-11-15T01:00:00	Temp-SS	-13.269052785372166
2017-11-15T02:00:00	Temp-SS	-14.811194652271515
2017-11-15T03:00:00	Temp-SS	-16.042091587583915
2017-11-15T04:00:00	Temp-SS	-14.589266671179065
2017-11-15T05:00:00	Temp-SS	-14.671101447230946
2017-11-15T06:00:00	Temp-SS	-2.05771009080653
2017-11-15T07:00:00	Temp-SS	-0.6285928335701136
2017-11-15T08:00:00	Temp-SS	2.7686296807473165
2017-11-15T09:00:00	Temp-SS	-2.3804018335060064
2017-11-15T10:00:00	Temp-SS	4.559576967587792
2017-11-15T11:00:00	Temp-SS	2.1982143902460316
2017-11-15T12:00:00	Temp-SS	3.3903445281501745
2017-11-15T13:00:00	Temp-SS	3.1837745326330302
2017-11-15T14:00:00	Temp-SS	5.17291065921162
2017-11-15T15:00:00	Temp-SS	7.596854220365355
2017-11-15T16:00:00	Temp-SS	-8.09367213855567
2017-11-15T17:00:00	Temp-SS	-8.194895139698296
2017-11-15T18:00:00	Temp-SS	-10.185410222281055
2017-11-15T19:00:00	Temp-SS	-11.099629633250487
2017-11-15T20:00:00	Temp-SS	-9.807195693531238
2017-11-15T21:00:00	Temp-SS	-10.8358738192425
2017-11-15T22:00:00	Temp-SS	-11.895615228377618
2017-11-15T23:00:00	Temp-SS	-13.494496484390927
2017-11-16T00:00:00	Temp-SS	-14.60085230065715
2017-11-16T01:00:00	Temp-SS	-13.394223873623218
2017-11-16T02:00:00	Temp-SS	-14.980849130781017
2017-11-16T03:00:00	Temp-SS	-14.17904402138456
2017-11-16T04:00:00	Temp-SS	-15.053313039491204
2017-11-16T05:00:00	Temp-SS	-14.591501158799181
2017-11-16T06:00:00	Temp-SS	-3.3157629533200463
2017-11-16T07:00:00	Temp-SS	-2.1591266008842442
2017-11-16T08:00:00	Temp-SS	2.1368485356763243
2017-11-16T09:00:00	Temp-SS	-0.1727890791719755
2017-11-16T10:00:00	Temp-SS	3.5890384053002924
2017-11-16T11:00:00	Temp-SS	6.0007785611741635
2017-11-16T12:00:00	Temp-SS	6.702072071295599
2017-11-16T13:00:00	Temp-SS	7.724658300013056
2017-11-16T14:00:00	Temp-SS	3.0770692969909725
2017-11-16T15:00:00	Temp-SS	0.31279778666565505
2017-11-16T16:00:00	Temp-SS	-11.489011918457704
2017-11-16T17:00:00	Temp-SS	-11.44735530276002
2017-11-16T18:00:00	Temp-SS	-10.651182609240841
2017-11-16T19:00:00	Temp-SS	-9.816774830839556
2017-11-16T20:00:00	Temp-SS	-11.637056125924317
2017-11-16T21:00:00	Temp-SS	-10.68488533135816
2017-11-16T22:00:00	Temp-SS	-12.66664601510802
2017-11-16T23:00:00	Temp-SS	-14.205964838031946
2017-11-17T00:00:00	Temp-SS	-14.15968093988017
2017-11-17T01:00:00	Temp-SS	-12.861184803545626
2017-11-17T02:00:00	Temp-SS	-13.810866984108152
2017-11-17T03:00:00	Temp-SS	-13.548000633276004
2017-11-17T04:00:00	Temp-SS	-14.697573085773264
2017-11-17T05:00:00	Temp-SS	-16.049984454682047
2017-11-17T06:00:00	Temp-SS	-6.383776169198455
2017-11-17T07:00:00	Temp-SS	-2.0473170971929404
2017-11-17T08:00:00	Temp-SS	-2.586961956523177
2017-11-17T09:00:00	Temp-SS	-1.0317971348901203
2017-11-17T10:00:00	Temp-SS	2.0984569407410074
2017-11-17T11:00:00	Temp-SS	0.4949579465920855
2017-11-17T12:00:00	Temp-SS	1.2148602084968463
2017-11-17T13:00:00	Temp-SS	1.0869626536416144
2017-11-17T14:00:00	Temp-SS	3.269628724890462
2017-11-17T15:00:00	Temp-SS	2.8288996297948836
2017-11-17T16:00:00	Temp-SS	-8.84579082430814
2017-11-17T17:00:00	Temp-SS	-10.341162553708305
2017-11-17T18:00:00	Temp-SS	-10.960247994646032
2017-11-17T19:00:00	Temp-SS	-10.923339420625634
2017-11-17T20:00:00	Temp-SS	-9.716260233246082
2017-11-17T21:00:00	Temp-SS	-7.725969904613589
2017-11-17T22:00:00	Temp-SS	-7.902994148448444
2017-11-17T23:00:00	Temp-SS	-6.856688209223845
2017-11-18T00:00:00	Temp-SS	-8.587040337866522
2017-11-18T01:00:00	Temp-SS	-10.507345755105415
2017-11-18T02:00:00	Temp-SS	-10.525608976353231
2017-11-18T03:00:00	Temp-SS	-10.736378314820486
2017-11-18T04:00:00	Temp-SS	-10.879558376318451
2017-11-18T05:00:00	Temp-SS	-12.155399690893285
2017-11-18T06:00:00	Temp-SS	-0.6194436079472769
2017-11-18T07:00:00	Temp-SS	-0.37734250966119376
2017-11-18T08:00:00	Temp-SS	1.5005214642674432
2017-11-18T09:00:00	Temp-SS	0.9607330212955638
2017-11-18T10:00:00	Temp-SS	0.4009560157011389
2017-11-18T11:00:00	Temp-SS	0.3826060203296393
2017-11-18T12:00:00	Temp-SS	-1.3553657452867842
2017-11-18T13:00:00	Temp-SS	0.05578386981057726
2017-11-18T14:00:00	Temp-SS	1.330904499240372
2017-11-18T15:00:00	Temp-SS	1.6059403261804235
2017-11-18T16:00:00	Temp-SS	-9.930381518978647
2017-11-18T17:00:00	Temp-SS	-11.042703889923825
2017-11-18T18:00:00	Temp-SS	-11.625753109914816
2017-11-18T19:00:00	Temp-SS	-10.407351729036572
2017-11-18T20:00:00	Temp-SS	-10.41927398400244
2017-11-18T21:00:00	Temp-SS	-9.197325554861754
2017-11-18T22:00:00	Temp-SS	-11.08430861786998
2017-11-18T23:00:00	Temp-SS	-12.022311966209616
2017-11-19T00:00:00	Temp-SS	-12.895381389426658
2017-11-19T01:00:00	Temp-SS	-12.470183883804596
2017-11-19T02:00:00	Temp-SS	-11.95139199133508
2017-11-19T03:00:00	Temp-SS	-11.199162606242655
2017-11-19T04:00:00	Temp-SS	-11.727472457516317
2017-11-19T05:00:00	Temp-SS	-13.29979856866596
2017-11-19T06:00:00	Temp-SS	-2.680437902215072
2017-11-19T07:00:00	Temp-SS	-2.449185346506061
2017-11-19T08:00:00	Temp-SS	-1.2924882197181518
2017-11-19T09:00:00	Temp-SS	-0.4879942482853963
2017-11-19T10:00:00	Temp-SS	0.4202652510519709
2017-11-19T11:00:00	Temp-SS	0.15468009831202068
2017-11-19T12:00:00	Temp-SS	1.9821794826315493
2017-11-19T13:00:00	Temp-SS	3.340418594770422
2017-11-19T14:00:00	Temp-SS	3.3433759270234944
2017-11-19T15:00:00	Temp-SS	3.7406144701599455
2017-11-19T16:00:00	Temp-SS	-7.512898021379042
2017-11-19T17:00:00	Temp-SS	-9.331545938624462
2017-11-19T18:00:00	Temp-SS	-10.702446938591113
2017-11-19T19:00:00	Temp-SS	-9.440696916926504
2017-11-19T20:00:00	Temp-SS	-8.718785134645735
2017-11-19T21:00:00	Temp-SS	-6.761634612985536
2017-11-19T22:00:00	Temp-SS	-7.837666502360167
2017-11-19T23:00:00	Temp-SS	-6.848696679595221
2017-11-20T00:00:00	Temp-SS	-8.100196106935185
2017-11-20T01:00:00	Temp-SS	-8.195296221406036
2017-11-20T02:00:00	Temp-SS	-8.463357791091957
2017-11-20T03:00:00	Temp-SS	-9.205769367643605
2017-11-20T04:00:00	Temp-SS	-11.037443256562254
2017-11-20T05:00:00	Temp-SS	-11.336491446842233
2017-11-20T06:00:00	Temp-SS	4.7077147959141685
2017-11-20T07:00:00	Temp-SS	0.37316642396663724
2017-11-20T08:00:00	Temp-SS	0.06705654139525308
2017-11-20T09:00:00	Temp-SS	5.033659252690468
2017-11-20T10:00:00	Temp-SS	7.222828198799105
2017-11-20T11:00:00	Temp-SS	3.162886722403461
2017-11-20T12:00:00	Temp-SS	6.48836719925109
2017-11-20T13:00:00	Temp-SS	5.705350334895477
2017-11-20T14:00:00	Temp-SS	7.611202570783028
2017-11-20T15:00:00	Temp-SS	3.1162643903648704
2017-11-20T16:00:00	Temp-SS	-7.174564070771504
2017-11-20T17:00:00	Temp-SS	-7.061750412649102
2017-11-20T18:00:00	Temp-SS	-7.449315291143698
2017-11-20T19:00:00	Temp-SS	-8.135933609597755
2017-11-20T20:00:00	Temp-SS	-7.198551665989508
2017-11-20T21:00:00	Temp-SS	-7.894618416112674
2017-11-20T22:00:00	Temp-SS	-9.413907754830143
2017-11-20T23:00:00	Temp-SS	-10.93111173558957
2017-11-21T00:00:00	Temp-SS	-12.358820079822069
2017-11-21T01:00:00	Temp-SS	-13.572420783943475
2017-11-21T02:00:00	Temp-SS	-13.51983049757735
2017-11-21T03:00:00	Temp-SS	-15.365361226780738
2017-11-21T04:00:00	Temp-SS	-14.382907117031317
2017-11-21T05:00:00	Temp-SS	-12.801237957797786
2017-11-21T06:00:00	Temp-SS	-1.931863108315131
2017-11-21T07:00:00	Temp-SS	-0.9313188258879013
2017-11-21T08:00:00	Temp-SS	3.1329033608391894
2017-11-21T09:00:00	Temp-SS	3.45728477900475
2017-11-21T10:00:00	Temp-SS	3.5538674715983496
2017-11-21T11:00:00	Temp-SS	6.142903652537382
2017-11-21T12:00:00	Temp-SS	3.8429561006578954
2017-11-21T13:00:00	Temp-SS	8.979628408112896
2017-11-21T14:00:00	Temp-SS	7.390243620539422
2017-11-21T15:00:00	Temp-SS	8.25280319587018
2017-11-21T16:00:00	Temp-SS	-4.463425399733176
2017-11-21T17:00:00	Temp-SS	-5.080787693496031
2017-11-21T18:00:00	Temp-SS	-4.5655401344511795
2017-11-21T19:00:00	Temp-SS	-5.034921493187476
2017-11-21T20:00:00	Temp-SS	-3.710525829941715
2017-11-21T21:00:00	Temp-SS	-5.049546680116525
2017-11-21T22:00:00	Temp-SS	-5.703617384485918
2017-11-21T23:00:00	Temp-SS	-6.198463757396462
2017-11-22T00:00:00	Temp-SS	-6.410523883013268
2017-11-22T01:00:00	Temp-SS	-6.629850204297324
2017-11-22T02:00:00	Temp-SS	-7.663885594358516
2017-11-22T03:00:00	Temp-SS	-9.228958801235091
2017-11-22T04:00:00	Temp-SS	-9.020022948823948
2017-11-22T05:00:00	Temp-SS	-10.878778267956394
2017-11-22T06:00:00	Temp-SS	2.6526301873754137
2017-11-22T07:00:00	Temp-SS	4.41771709804887
2017-11-22T08:00:00	Temp-SS	7.401979225190913
2017-11-22T09:00:00	Temp-SS	3.3138696805396224
2017-11-22T10:00:00	Temp-SS	8.7138655710795
2017-11-22T11:00:00	Temp-SS	6.780985846127452
2017-11-22T12:00:00	Temp-SS	6.738142199505022
2017-11-22T13:00:00	Temp-SS	6.4353961124651615
2017-11-22T14:00:00	Temp-SS	6.695508963274211
2017-11-22T15:00:00	Temp-SS	8.29941906353155
2017-11-22T16:00:00	Temp-SS	-6.422248702515947
2017-11-22T17:00:00	Temp-SS	-6.89224718740309
2017-11-22T18:00:00	Temp-SS	-8.874776782951013
2017-11-22T19:00:00	Temp-SS	-9.060336907489067
2017-11-22T20:00:00	Temp-SS	-9.726518857011541
2017-11-22T21:00:00	Temp-SS	-11.66764713907624
2017-11-22T22:00:00	Temp-SS	-10.282331198037726
2017-11-22T23:00:00	Temp-SS	-10.725558404191062
2017-11-23T00:00:00	Temp-SS	-11.670616575847209
2017-11-23T01:00:00	Temp-SS	-11.515832706787501
2017-11-23T02:00:00	Temp-SS	-11.018555800231558
2017-11-23T03:00:00	Temp-SS	-12.50687783033087
2017-11-23T04:00:00	Temp-SS	-13.680085301291893
2017-11-23T05:00:00	Temp-SS	-15.30389638551136
2017-11-23T06:00:00	Temp-SS	-3.5227517803172343
2017-11-23T07:00:00	Temp-SS	-2.0616768790430786
2017-11-23T08:00:00	Temp-SS	1.3067080656763919
2017-11-23T09:00:00	Temp-SS	-0.4992757218737953
2017-11-23T10:00:00	Temp-SS	4.345248159022174
2017-11-23T11:00:00	Temp-SS	7.761505366169068
2017-11-23T12:00:00	Temp-SS	6.945528816792808
2017-11-23T13:00:00	Temp-SS	5.005949424392275
2017-11-23T14:00:00	Temp-SS	1.7708465327671097
2017-11-23T15:00:00	Temp-SS	-1.9281142951908166
2017-11-23T16:00:00	Temp-SS	-13.540033042655487
2017-11-23T17:00:00	Temp-SS	-11.68483970381251
2017-11-23T18:00:00	Temp-SS	-12.686900937156393
2017-11-23T19:00:00	Temp-SS	-10.714787652248717
2017-11-23T20:00:00	Temp-SS	-11.965711593538897
2017-11-23T21:00:00	Temp-SS	-11.638474917148303
2017-11-23T22:00:00	Temp-SS	-11.741053837792572
2017-11-23T23:00:00	Temp-SS	-13.07345955099712
2017-11-24T00:00:00	Temp-SS	-14.30982342284634
2017-11-24T01:00:00	Temp-SS	-12.850439088974818
2017-11-24T02:00:00	Temp-SS	-11.453798930018761
2017-11-24T03:00:00	Temp-SS	-11.78433994856008
2017-11-24T04:00:00	Temp-SS	-12.928031095930569
2017-11-24T05:00:00	Temp-SS	-12.089780247258663
2017-11-24T06:00:00	Temp-SS	-0.4853430950441968
2017-11-24T07:00:00	Temp-SS	3.2657510382093244
2017-11-24T08:00:00	Temp-SS	2.6029402292113084
2017-11-24T09:00:00	Temp-SS	1.3285823975744695
2017-11-24T10:00:00	Temp-SS	3.1479414477656125
2017-11-24T11:00:00	Temp-SS	2.9057536824120347
2017-11-24T12:00:00	Temp-SS	6.5414302866743395
2017-11-24T13:00:00	Temp-SS	6.879186577078989
2017-11-24T14:00:00	Temp-SS	7.9467826373452315
2017-11-24T15:00:00	Temp-SS	8.286028316422438
2017-11-24T16:00:00	Temp-SS	-2.211811082421681
2017-11-24T17:00:00	Temp-SS	-3.897422707483953
2017-11-24T18:00:00	Temp-SS	-5.540070173744073
2017-11-24T19:00:00	Temp-SS	-5.918233994103537
2017-11-24T20:00:00	Temp-SS	-7.089015284485112
2017-11-24T21:00:00	Temp-SS	-7.882055179444058
2017-11-24T22:00:00	Temp-SS	-8.267805338548222
2017-11-24T23:00:00	Temp-SS	-8.995238826747535
2017-11-25T00:00:00	Temp-SS	-9.829714654380915
2017-11-25T01:00:00	Temp-SS	-11.43921247759455
2017-11-25T02:00:00	Temp-SS	-11.846715770923947
2017-11-25T03:00:00	Temp-SS	-11.572939261141771
2017-11-25T04:00:00	Temp-SS	-10.905217448893405
2017-11-25T05:00:00	Temp-SS	-9.593432611450725
2017-11-25T06:00:00	Temp-SS	-0.765636335660858
2017-11-25T07:00:00	Temp-SS	-0.027744473822055582
2017-11-25T08:00:00	Temp-SS	0.6020040922529564
2017-11-25T09:00:00	Temp-SS	1.529703760441091
2017-11-25T10:00:00	Temp-SS	-0.2112566594494627
2017-11-25T11:00:00	Temp-SS	0.8518951323947217
2017-11-25T12:00:00	Temp-SS	1.0118810340743334
2017-11-25T13:00:00	Temp-SS	2.065812614634024
2017-11-25T14:00:00	Temp-SS	3.672236630619955
2017-11-25T15:00:00	Temp-SS	4.812718254376848
2017-11-25T16:00:00	Temp-SS	-6.979266813190165
2017-11-25T17:00:00	Temp-SS	-8.59912695191012
2017-11-25T18:00:00	Temp-SS	-9.550040771506879
2017-11-25T19:00:00	Temp-SS	-10.99411906245431
2017-11-25T20:00:00	Temp-SS	-12.324310562802754
2017-11-25T21:00:00	Temp-SS	-13.511890859764359
2017-11-25T22:00:00	Temp-SS	-15.4737578836255
2017-11-25T23:00:00	Temp-SS	-17.12845903289322
2017-11-26T00:00:00	Temp-SS	-16.57549168273612
2017-11-26T01:00:00	Temp-SS	-17.829449906581345
2017-11-26T02:00:00	Temp-SS	-18.636013642947535
2017-11-26T03:00:00	Temp-SS	-19.157481506019487
2017-11-26T04:00:00	Temp-SS	-20.206453884243256
2017-11-26T05:00:00	Temp-SS	-21.05198905039457
2017-11-26T06:00:00	Temp-SS	-9.668132169249947
2017-11-26T07:00:00	Temp-SS	-7.8170130303289405
2017-11-26T08:00:00	Temp-SS	-7.700569204952863
2017-11-26T09:00:00	Temp-SS	-6.322352869355125
2017-11-26T10:00:00	Temp-SS	-5.3438044901385595
2017-11-26T11:00:00	Temp-SS	-4.510811350653533
2017-11-26T12:00:00	Temp-SS	-3.184676566730296
2017-11-26T13:00:00	Temp-SS	-1.2128487849345646
2017-11-26T14:00:00	Temp-SS	-1.2064992949907083
2017-11-26T15:00:00	Temp-SS	-1.6559649851499927
2017-11-26T16:00:00	Temp-SS	-10.251711655386371
2017-11-26T17:00:00	Temp-SS	-11.709988769998667
2017-11-26T18:00:00	Temp-SS	-10.481519788172983
2017-11-26T19:00:00	Temp-SS	-11.806967860712437
2017-11-26T20:00:00	Temp-SS	-10.079607286971452
2017-11-26T21:00:00	Temp-SS	-8.301250654101544
2017-11-26T22:00:00	Temp-SS	-9.500882313588843
2017-11-26T23:00:00	Temp-SS	-8.290342607578259
2017-11-27T00:00:00	Temp-SS	-9.991343935591706
2017-11-27T01:00:00	Temp-SS	-10.023717269391923
2017-11-27T02:00:00	Temp-SS	-9.279864861738751
2017-11-27T03:00:00	Temp-SS	-9.852809568663375
2017-11-27T04:00:00	Temp-SS	-11.099262298613118
2017-11-27T05:00:00	Temp-SS	-12.58478086231388
2017-11-27T06:00:00	Temp-SS	3.5929751570634005
2017-11-27T07:00:00	Temp-SS	0.21208377396771638
2017-11-27T08:00:00	Temp-SS	2.1893715542269323
2017-11-27T09:00:00	Temp-SS	8.461033183184902
2017-11-27T10:00:00	Temp-SS	9.45309464746229
2017-11-27T11:00:00	Temp-SS	8.113946798779487
2017-11-27T12:00:00	Temp-SS	11.813480801641116
2017-11-27T13:00:00	Temp-SS	10.593282109211875
2017-11-27T14:00:00	Temp-SS	12.213826715922526
2017-11-27T15:00:00	Temp-SS	6.2490323014965155
2017-11-27T16:00:00	Temp-SS	-3.9199591355797567
2017-11-27T17:00:00	Temp-SS	-5.316964865998362
2017-11-27T18:00:00	Temp-SS	-6.456212016987304
2017-11-27T19:00:00	Temp-SS	-6.52079790681299
2017-11-27T20:00:00	Temp-SS	-6.847384284392792
2017-11-27T21:00:00	Temp-SS	-7.016591150308086
2017-11-27T22:00:00	Temp-SS	-8.823291975411482
2017-11-27T23:00:00	Temp-SS	-10.425175151838307
2017-11-28T00:00:00	Temp-SS	-8.88967310944041
2017-11-28T01:00:00	Temp-SS	-9.265085470093926
2017-11-28T02:00:00	Temp-SS	-11.120980293471295
2017-11-28T03:00:00	Temp-SS	-11.56757212902481
2017-11-28T04:00:00	Temp-SS	-11.276986996788583
2017-11-28T05:00:00	Temp-SS	-10.815455126976682
2017-11-28T06:00:00	Temp-SS	1.14694436477048
2017-11-28T07:00:00	Temp-SS	1.6458701091961032
2017-11-28T08:00:00	Temp-SS	4.002894396055891
2017-11-28T09:00:00	Temp-SS	6.7244586439219765
2017-11-28T10:00:00	Temp-SS	7.205849141028518
2017-11-28T11:00:00	Temp-SS	7.559591872640203
2017-11-28T12:00:00	Temp-SS	2.5567295474234966
2017-11-28T13:00:00	Temp-SS	6.693036853641278
2017-11-28T14:00:00	Temp-SS	4.999842242930482
2017-11-28T15:00:00	Temp-SS	5.711805355617258
2017-11-28T16:00:00	Temp-SS	-7.612840116545293
2017-11-28T17:00:00	Temp-SS	-9.528251883702673
2017-11-28T18:00:00	Temp-SS	-11.220293331194533
2017-11-28T19:00:00	Temp-SS	-11.343481577550945
2017-11-28T20:00:00	Temp-SS	-12.750291907598958
2017-11-28T21:00:00	Temp-SS	-11.866261891070192
2017-11-28T22:00:00	Temp-SS	-9.923419673474072
2017-11-28T23:00:00	Temp-SS	-11.543631374285155
2017-11-29T00:00:00	Temp-SS	-12.437920367938434
2017-11-29T01:00:00	Temp-SS	-10.551455902814654
2017-11-29T02:00:00	Temp-SS	-9.073750031440213
2017-11-29T03:00:00	Temp-SS	-10.387869175886049
2017-11-29T04:00:00	Temp-SS	-11.94685004156969
2017-11-29T05:00:00	Temp-SS	-11.09345554490803
2017-11-29T06:00:00	Temp-SS	2.327354098610883
2017-11-29T07:00:00	Temp-SS	5.49129414128261
2017-11-29T08:00:00	Temp-SS	7.2731632512231945
2017-11-29T09:00:00	Temp-SS	2.9343186858905046
2017-11-29T10:00:00	Temp-SS	9.73028239492544
2017-11-29T11:00:00	Temp-SS	7.802051615734024
2017-11-29T12:00:00	Temp-SS	7.525104375759581
2017-11-29T13:00:00	Temp-SS	8.699569863340642
2017-11-29T14:00:00	Temp-SS	10.66843436050915
2017-11-29T15:00:00	Temp-SS	11.33411222927422
2017-11-29T16:00:00	Temp-SS	-3.363281626369658
2017-11-29T17:00:00	Temp-SS	-1.6959587107447787
2017-11-29T18:00:00	Temp-SS	-3.5313989919283455
2017-11-29T19:00:00	Temp-SS	-2.4638954826610058
2017-11-29T20:00:00	Temp-SS	-3.4883960999932038
2017-11-29T21:00:00	Temp-SS	-3.4700178852277443
2017-11-29T22:00:00	Temp-SS	-5.304455722167253
2017-11-29T23:00:00	Temp-SS	-6.797883746690352
2017-11-30T00:00:00	Temp-SS	-7.48195555169425
2017-11-30T01:00:00	Temp-SS	-8.23839778717129
2017-11-30T02:00:00	Temp-SS	-6.467758395367978
2017-11-30T03:00:00	Temp-SS	-7.5273910896957155
2017-11-30T04:00:00	Temp-SS	-8.396901472647947
2017-11-30T05:00:00	Temp-SS	-7.08683257151945
2017-11-30T06:00:00	Temp-SS	4.286994569477282
2017-11-30T07:00:00	Temp-SS	5.3578326967117444
2017-11-30T08:00:00	Temp-SS	10.144840546437441
2017-11-30T09:00:00	Temp-SS	7.310626203354678
2017-11-30T10:00:00	Temp-SS	9.261874075538536
2017-11-30T11:00:00	Temp-SS	12.909025618469553
2017-11-30T12:00:00	Temp-SS	14.467040089936994
2017-11-30T13:00:00	Temp-SS	13.564898063361706
2017-11-30T14:00:00	Temp-SS	9.430692477838
2017-11-30T15:00:00	Temp-SS	5.889470731767105
2017-11-30T16:00:00	Temp-SS	-3.1332319236555786
2017-11-30T17:00:00	Temp-SS	-1.9319387725914652
2017-11-30T18:00:00	Temp-SS	-2.8581808809085367
2017-11-30T19:00:00	Temp-SS	-4.248019411719177
2017-11-30T20:00:00	Temp-SS	-5.088677319398284
2017-11-30T21:00:00	Temp-SS	-5.984945549512072
2017-11-30T22:00:00	Temp-SS	-7.347807551063017
2017-11-30T23:00:00	Temp-SS	-8.546322813152319
2017-12-01T00:00:00	Temp-SS	-8.821035542489588
2017-12-01T01:00:00	Temp-SS	-9.973817514139066
2017-12-01T02:00:00	Temp-SS	-11.726835623011597
2017-12-01T03:00:00	Temp-SS	-11.138306769632445
2017-12-01T04:00:00	Temp-SS	-10.276039084717581
2017-12-01T05:00:00	Temp-SS	-9.447419970140434
2017-12-01T06:00:00	Temp-SS	1.1467711775288265
2017-12-01T07:00:00	Temp-SS	5.0762594205017155
2017-12-01T08:00:00	Temp-SS	2.657759173930627
2017-12-01T09:00:00	Temp-SS	1.873067918204485
2017-12-01T10:00:00	Temp-SS	3.1107811670236636
2017-12-01T11:00:00	Temp-SS	2.6849271516782305
2017-12-01T12:00:00	Temp-SS	3.0477787425009772
2017-12-01T13:00:00	Temp-SS	1.7484816141090453
2017-12-01T14:00:00	Temp-SS	4.1095133201016285
2017-12-01T15:00:00	Temp-SS	2.813968387766802
2017-12-01T16:00:00	Temp-SS	-9.545950268610877
2017-12-01T17:00:00	Temp-SS	-7.565279866659964
2017-12-01T18:00:00	Temp-SS	-7.574891548275055
2017-12-01T19:00:00	Temp-SS	-7.412820859040293
2017-12-01T20:00:00	Temp-SS	-9.194530689688301
2017-12-01T21:00:00	Temp-SS	-10.036263546092863
2017-12-01T22:00:00	Temp-SS	-8.038096360984905
2017-12-01T23:00:00	Temp-SS	-8.585818500445999
2017-12-02T00:00:00	Temp-SS	-9.435543590944858
2017-12-02T01:00:00	Temp-SS	-11.084525694815191
2017-12-02T02:00:00	Temp-SS	-11.649823058541228
2017-12-02T03:00:00	Temp-SS	-12.437275348319519
2017-12-02T04:00:00	Temp-SS	-11.280272388793154
2017-12-02T05:00:00	Temp-SS	-11.87571545639942
2017-12-02T06:00:00	Temp-SS	-1.6534821599743967
2017-12-02T07:00:00	Temp-SS	-3.038136050405619
2017-12-02T08:00:00	Temp-SS	-2.984961044885411
2017-12-02T09:00:00	Temp-SS	-1.0785294173988618
2017-12-02T10:00:00	Temp-SS	-2.51739306415471
2017-12-02T11:00:00	Temp-SS	-2.0330811405370692
2017-12-02T12:00:00	Temp-SS	-1.5054749658903805
2017-12-02T13:00:00	Temp-SS	-0.02413634142370924
2017-12-02T14:00:00	Temp-SS	1.9470925825043643
2017-12-02T15:00:00	Temp-SS	2.976391961058054
2017-12-02T16:00:00	Temp-SS	-8.576838666316359
2017-12-02T17:00:00	Temp-SS	-10.530401321782708
2017-12-02T18:00:00	Temp-SS	-10.016341027343024
2017-12-02T19:00:00	Temp-SS	-10.101039477813542
2017-12-02T20:00:00	Temp-SS	-9.993215220452328
2017-12-02T21:00:00	Temp-SS	-8.96626859506468
2017-12-02T22:00:00	Temp-SS	-10.043930746426378
2017-12-02T23:00:00	Temp-SS	-10.183261229565465
2017-12-03T00:00:00	Temp-SS	-8.345703007097406
2017-12-03T01:00:00	Temp-SS	-9.075229960147128
2017-12-03T02:00:00	Temp-SS	-9.312589510447172
2017-12-03T03:00:00	Temp-SS	-9.80276474436376
2017-12-03T04:00:00	Temp-SS	-10.8342870630483
2017-12-03T05:00:00	Temp-SS	-9.116559674312034
2017-12-03T06:00:00	Temp-SS	2.217699665043625
2017-12-03T07:00:00	Temp-SS	3.3135457187582453
2017-12-03T08:00:00	Temp-SS	3.972178645771515
2017-12-03T09:00:00	Temp-SS	3.6786172254757217
2017-12-03T10:00:00	Temp-SS	3.7455711393456683
2017-12-03T11:00:00	Temp-SS	4.450854942508423
2017-12-03T12:00:00	Temp-SS	5.443814157356555
2017-12-03T13:00:00	Temp-SS	4.729131889770117
2017-12-03T14:00:00	Temp-SS	6.334663161040162
2017-12-03T15:00:00	Temp-SS	6.412146526052144
2017-12-03T16:00:00	Temp-SS	-4.737611109186041
